Workbook

Sheet 01
A1: 中和郵局 抽測國內快捷情形報告單
G2: 115年 | H2: 1月
A3: 互寄地區 | C3: 抽測件數 | D3: J+2時 件數 | E3: J+2時 投遞率 | F3: J+4時 件數 | G3: J+4時 投遞率 | H3: J+6時 件數 | I3: J+6時 投遞率 | J3: J+8時 件數 | K3: J+8時 投遞率 | L3: 8時以上 件數 | M3: 8時以上 投遞率 | N3: 符合時效比例 | O3: 平均 (時)數
A4: 本收本投 | C4: =D4+F4+H4+J4+L4 -> 0 | D4: =COUNTIF(01子本!$E$3:$E$17,"J+2") -> 0 | E4: =IF($C4=0,"",D4/$C4) | F4: =COUNTIF(01子本!$E$3:$E$17,"J+4") -> 0 | G4: =IF($C4=0,"",F4/$C4) | H4: =COUNTIF(01子本!$E$3:$E$17,"J+6") -> 0 | I4: =IF($C4=0,"",H4/$C4) | J4: =COUNTIF(01子本!$E$3:$E$17,"J+8") -> 0 | K4: =IF($C4=0,"",J4/$C4) | L4: =COUNTIF(01子本!$E$3:$E$17,"8以上") -> 0 | M4: =IF($C4=0,"",L4/$C4) | N4: 1 | O4: =IF($C4=0,"",(D4*2+F4*4+H4*6+J4*8+L4*8)/$C4)
A5: 主要都市間互寄 | C5: =D5+F5+H5+J5+L5 -> 0 | D5: =COUNTIF(01子本!$E$23:$E$37,"J+2") -> 0 | E5: =IF($C5=0,"",D5/$C5) | F5: =COUNTIF(01子本!$E$23:$E$37,"J+4") -> 0 | G5: =IF($C5=0,"",F5/$C5) | H5: =COUNTIF(01子本!$E$23:$E$37,"J+6") -> 0 | I5: =IF($C5=0,"",H5/$C5) | J5: =COUNTIF(01子本!$E$23:$E$37,"J+8") -> 0 | K5: =IF($C5=0,"",J5/$C5) | L5: =COUNTIF(01子本!$E$23:$E$37,"8以上") -> 0 | M5: =IF($C5=0,"",L5/$C5) | N5: 1 | O5: =IF($C5=0,"",(D5*2+F5*4+H5*6+J5*8+L5*8)/$C5)
A6: 區域內互寄 (北北基、台中、高雄、中彰投地區) | C6: =D6+F6+H6+J6+L6 -> 0 | D6: =COUNTIF(01子本!$E$43:$E$57,"J+2") -> 0 | E6: =IF($C6=0,"",D6/$C6) | F6: =COUNTIF(01子本!$E$43:$E$57,"J+4") -> 0 | G6: =IF($C6=0,"",F6/$C6) | H6: =COUNTIF(01子本!$E$43:$E$57,"J+6") -> 0 | I6: =IF($C6=0,"",H6/$C6) | J6: =COUNTIF(01子本!$E$43:$E$57,"J+8") -> 0 | K6: =IF($C6=0,"",J6/$C6) | L6: =COUNTIF(01子本!$E$43:$E$57,"8以上") -> 0 | M6: =IF($C6=0,"",L6/$C6) | N6: 1 | O6: =IF($C6=0,"",(D6*2+F6*4+H6*6+J6*8+L6*8)/$C6)
A7: 其他轉口 | C7: =D7+F7+H7+J7+L7 -> 0 | D7: =COUNTIF(01子本!$E$63:$E$77,"J+2") -> 0 | E7: =IF($C7=0,"",D7/$C7) | F7: =COUNTIF(01子本!$E$63:$E$77,"J+4") -> 0 | G7: =IF($C7=0,"",F7/$C7) | H7: =COUNTIF(01子本!$E$63:$E$77,"J+6") -> 0 | I7: =IF($C7=0,"",H7/$C7) | J7: =COUNTIF(01子本!$E$63:$E$77,"J+8") -> 0 | K7: =IF($C7=0,"",J7/$C7) | L7: =COUNTIF(01子本!$E$63:$E$77,"8以上") -> 0 | M7: =IF($C7=0,"",L7/$C7) | N7: 1 | O7: =IF($C7=0,"",(D7*2+F7*4+H7*6+J7*8+L7*8)/$C7)
A8: 說明：
A9: 1 | B9: 為瞭解國內快捷郵件寄遞時效，各局快捷單位應透過MQ或本公司全球資訊網查詢系統抽測「本收本投」、「主要都市互寄」、「區域內互寄」、「其他轉口」4類，每月至少各10件（抽查紀錄列印或記錄郵件號碼留局備查，保存1年），抽測結果於次月5日前寄管轄郵局郵務科彙整，於8日前上傳主機。
A10: 2 | B10: 抽測樣本：本收本投以15時前交寄、主要都市互寄11時前交寄、區域間互寄13時前交寄之郵件抽測為主。
A11: 3 | B11: 寄遞時效：自「交寄郵件」到「郵件投遞中」之處理狀態時間計算，四小時以內者填「ｊ＋4時」欄；逾四小時不逾六小時者填「ｊ＋6時」欄，餘類推。抽測結果有不符合時效標準者，請將相關地名列出，並檢討改善。
A12: 4 | B12: 十大都市互寄係指台北市(100-110)、板橋市(220)、桃園市(330)、中壢市(含平鎮，320、324)、新竹市(300)、台中市(400-408)、彰化市(500)、嘉義市(600)、台南市(700-709)、高雄市(800-804、806、807)互寄者。該欄位僅由該十大都市互寄局就相關之郵件抽測情形填註。
A13: 5 | B13: 平均(時)數：((J+2小時投遞率)*2+(J+4小時投遞率)*4+(J+6小時投遞率)*6+(J+8小時投遞率)*8+(J+8小時以上投遞率)*8)/100。
B14: 製表: | F14: 主管:

Sheet 01子本
A1: ="中和郵務股"&'01'!$G$2&'01'!$H$2&"份 本口 快捷郵遞時效表" -> 中和郵務股115年1月份 本口 快捷郵遞時效表
A2: 郵件號碼 | B2: 交寄時間 | C2: 交投時間 | D2: 時數 | E2: 時效
D3: =IF(OR(B3="",C3=""),"",ROUND((IF(C3<1,INT(B3)+C3,C3)-B3)*1440,0)/1440) | E3: =IF(D3="","",IF(D3<0,"打日期",IF(D3*1440<=120,"J+2",IF(D3*1440<=240,"J+4",IF(D3*1440<=360,"J+6",IF(D3*1440<=480,"J+8","8以上"))))))
D4: =IF(OR(B4="",C4=""),"",ROUND((IF(C4<1,INT(B4)+C4,C4)-B4)*1440,0)/1440) | E4: =IF(D4="","",IF(D4<0,"打日期",IF(D4*1440<=120,"J+2",IF(D4*1440<=240,"J+4",IF(D4*1440<=360,"J+6",IF(D4*1440<=480,"J+8","8以上"))))))
D5: =IF(OR(B5="",C5=""),"",ROUND((IF(C5<1,INT(B5)+C5,C5)-B5)*1440,0)/1440) | E5: =IF(D5="","",IF(D5<0,"打日期",IF(D5*1440<=120,"J+2",IF(D5*1440<=240,"J+4",IF(D5*1440<=360,"J+6",IF(D5*1440<=480,"J+8","8以上"))))))
D6: =IF(OR(B6="",C6=""),"",ROUND((IF(C6<1,INT(B6)+C6,C6)-B6)*1440,0)/1440) | E6: =IF(D6="","",IF(D6<0,"打日期",IF(D6*1440<=120,"J+2",IF(D6*1440<=240,"J+4",IF(D6*1440<=360,"J+6",IF(D6*1440<=480,"J+8","8以上"))))))
D7: =IF(OR(B7="",C7=""),"",ROUND((IF(C7<1,INT(B7)+C7,C7)-B7)*1440,0)/1440) | E7: =IF(D7="","",IF(D7<0,"打日期",IF(D7*1440<=120,"J+2",IF(D7*1440<=240,"J+4",IF(D7*1440<=360,"J+6",IF(D7*1440<=480,"J+8","8以上"))))))
D8: =IF(OR(B8="",C8=""),"",ROUND((IF(C8<1,INT(B8)+C8,C8)-B8)*1440,0)/1440) | E8: =IF(D8="","",IF(D8<0,"打日期",IF(D8*1440<=120,"J+2",IF(D8*1440<=240,"J+4",IF(D8*1440<=360,"J+6",IF(D8*1440<=480,"J+8","8以上"))))))
D9: =IF(OR(B9="",C9=""),"",ROUND((IF(C9<1,INT(B9)+C9,C9)-B9)*1440,0)/1440) | E9: =IF(D9="","",IF(D9<0,"打日期",IF(D9*1440<=120,"J+2",IF(D9*1440<=240,"J+4",IF(D9*1440<=360,"J+6",IF(D9*1440<=480,"J+8","8以上"))))))
D10: =IF(OR(B10="",C10=""),"",ROUND((IF(C10<1,INT(B10)+C10,C10)-B10)*1440,0)/1440) | E10: =IF(D10="","",IF(D10<0,"打日期",IF(D10*1440<=120,"J+2",IF(D10*1440<=240,"J+4",IF(D10*1440<=360,"J+6",IF(D10*1440<=480,"J+8","8以上"))))))
D11: =IF(OR(B11="",C11=""),"",ROUND((IF(C11<1,INT(B11)+C11,C11)-B11)*1440,0)/1440) | E11: =IF(D11="","",IF(D11<0,"打日期",IF(D11*1440<=120,"J+2",IF(D11*1440<=240,"J+4",IF(D11*1440<=360,"J+6",IF(D11*1440<=480,"J+8","8以上"))))))
D12: =IF(OR(B12="",C12=""),"",ROUND((IF(C12<1,INT(B12)+C12,C12)-B12)*1440,0)/1440) | E12: =IF(D12="","",IF(D12<0,"打日期",IF(D12*1440<=120,"J+2",IF(D12*1440<=240,"J+4",IF(D12*1440<=360,"J+6",IF(D12*1440<=480,"J+8","8以上"))))))
D13: =IF(OR(B13="",C13=""),"",ROUND((IF(C13<1,INT(B13)+C13,C13)-B13)*1440,0)/1440) | E13: =IF(D13="","",IF(D13<0,"打日期",IF(D13*1440<=120,"J+2",IF(D13*1440<=240,"J+4",IF(D13*1440<=360,"J+6",IF(D13*1440<=480,"J+8","8以上"))))))
D14: =IF(OR(B14="",C14=""),"",ROUND((IF(C14<1,INT(B14)+C14,C14)-B14)*1440,0)/1440) | E14: =IF(D14="","",IF(D14<0,"打日期",IF(D14*1440<=120,"J+2",IF(D14*1440<=240,"J+4",IF(D14*1440<=360,"J+6",IF(D14*1440<=480,"J+8","8以上"))))))
... D17: =IF(OR(B17="",C17=""),"",ROUND((IF(C17<1,INT(B17)+C17,C17)-B17)*1440,0)/1440) | E17: =IF(D17="","",IF(D17<0,"打日期",IF(D17*1440<=120,"J+2",IF(D17*1440<=240,"J+4",IF(D17*1440<=360,"J+6",IF(D17*1440<=480,"J+8","8以上"))))))
A18: 本地互寄:( 15時前交寄之郵件) 板橋市22071~81、92
A20: 製表: | C20: 主管:
A21: ="中和郵務股"&'01'!$G$2&'01'!$H$2&"份 十大都會區 快捷郵遞時效表" -> 中和郵務股115年1月份 十大都會區 快捷郵遞時效表
A22: 郵件號碼 | B22: 交寄時間 | C22: 交投時間 | D22: 時數 | E22: 時效
D23: =IF(OR(B23="",C23=""),"",ROUND((IF(C23<1,INT(B23)+C23,C23)-B23)*1440,0)/1440) | E23: =IF(D23="","",IF(D23<0,"打日期",IF(D23*1440<=120,"J+2",IF(D23*1440<=240,"J+4",IF(D23*1440<=360,"J+6",IF(D23*1440<=480,"J+8","8以上"))))))
D24: =IF(OR(B24="",C24=""),"",ROUND((IF(C24<1,INT(B24)+C24,C24)-B24)*1440,0)/1440) | E24: =IF(D24="","",IF(D24<0,"打日期",IF(D24*1440<=120,"J+2",IF(D24*1440<=240,"J+4",IF(D24*1440<=360,"J+6",IF(D24*1440<=480,"J+8","8以上"))))))
D25: =IF(OR(B25="",C25=""),"",ROUND((IF(C25<1,INT(B25)+C25,C25)-B25)*1440,0)/1440) | E25: =IF(D25="","",IF(D25<0,"打日期",IF(D25*1440<=120,"J+2",IF(D25*1440<=240,"J+4",IF(D25*1440<=360,"J+6",IF(D25*1440<=480,"J+8","8以上"))))))
D26: =IF(OR(B26="",C26=""),"",ROUND((IF(C26<1,INT(B26)+C26,C26)-B26)*1440,0)/1440) | E26: =IF(D26="","",IF(D26<0,"打日期",IF(D26*1440<=120,"J+2",IF(D26*1440<=240,"J+4",IF(D26*1440<=360,"J+6",IF(D26*1440<=480,"J+8","8以上"))))))
D27: =IF(OR(B27="",C27=""),"",ROUND((IF(C27<1,INT(B27)+C27,C27)-B27)*1440,0)/1440) | E27: =IF(D27="","",IF(D27<0,"打日期",IF(D27*1440<=120,"J+2",IF(D27*1440<=240,"J+4",IF(D27*1440<=360,"J+6",IF(D27*1440<=480,"J+8","8以上"))))))
D28: =IF(OR(B28="",C28=""),"",ROUND((IF(C28<1,INT(B28)+C28,C28)-B28)*1440,0)/1440) | E28: =IF(D28="","",IF(D28<0,"打日期",IF(D28*1440<=120,"J+2",IF(D28*1440<=240,"J+4",IF(D28*1440<=360,"J+6",IF(D28*1440<=480,"J+8","8以上"))))))
D29: =IF(OR(B29="",C29=""),"",ROUND((IF(C29<1,INT(B29)+C29,C29)-B29)*1440,0)/1440) | E29: =IF(D29="","",IF(D29<0,"打日期",IF(D29*1440<=120,"J+2",IF(D29*1440<=240,"J+4",IF(D29*1440<=360,"J+6",IF(D29*1440<=480,"J+8","8以上"))))))
D30: =IF(OR(B30="",C30=""),"",ROUND((IF(C30<1,INT(B30)+C30,C30)-B30)*1440,0)/1440) | E30: =IF(D30="","",IF(D30<0,"打日期",IF(D30*1440<=120,"J+2",IF(D30*1440<=240,"J+4",IF(D30*1440<=360,"J+6",IF(D30*1440<=480,"J+8","8以上"))))))
D31: =IF(OR(B31="",C31=""),"",ROUND((IF(C31<1,INT(B31)+C31,C31)-B31)*1440,0)/1440) | E31: =IF(D31="","",IF(D31<0,"打日期",IF(D31*1440<=120,"J+2",IF(D31*1440<=240,"J+4",IF(D31*1440<=360,"J+6",IF(D31*1440<=480,"J+8","8以上"))))))
D32: =IF(OR(B32="",C32=""),"",ROUND((IF(C32<1,INT(B32)+C32,C32)-B32)*1440,0)/1440) | E32: =IF(D32="","",IF(D32<0,"打日期",IF(D32*1440<=120,"J+2",IF(D32*1440<=240,"J+4",IF(D32*1440<=360,"J+6",IF(D32*1440<=480,"J+8","8以上"))))))
D33: =IF(OR(B33="",C33=""),"",ROUND((IF(C33<1,INT(B33)+C33,C33)-B33)*1440,0)/1440) | E33: =IF(D33="","",IF(D33<0,"打日期",IF(D33*1440<=120,"J+2",IF(D33*1440<=240,"J+4",IF(D33*1440<=360,"J+6",IF(D33*1440<=480,"J+8","8以上"))))))
D34: =IF(OR(B34="",C34=""),"",ROUND((IF(C34<1,INT(B34)+C34,C34)-B34)*1440,0)/1440) | E34: =IF(D34="","",IF(D34<0,"打日期",IF(D34*1440<=120,"J+2",IF(D34*1440<=240,"J+4",IF(D34*1440<=360,"J+6",IF(D34*1440<=480,"J+8","8以上"))))))
... D37: =IF(OR(B37="",C37=""),"",ROUND((IF(C37<1,INT(B37)+C37,C37)-B37)*1440,0)/1440) | E37: =IF(D37="","",IF(D37<0,"打日期",IF(D37*1440<=120,"J+2",IF(D37*1440<=240,"J+4",IF(D37*1440<=360,"J+6",IF(D37*1440<=480,"J+8","8以上"))))))
A38: 十大都市:( 11時前交寄之郵件) 台北市(100-110)、基隆市(200~206)、桃園市(330)、中壢市(含平鎮，320、324)、台中市(400-408)、彰化市(500)、嘉義市(600)、台南市(700-709)、高雄市(800-804、806、807)互寄者。
A40: 製表: | C40: 主管:
A41: ="中和郵務股"&'01'!$G$2&'01'!$H$2&"份 區域內互寄 快捷郵遞時效表" -> 中和郵務股115年1月份 區域內互寄 快捷郵遞時效表
A42: 郵件號碼 | B42: 交寄時間 | C42: 交投時間 | D42: 時數 | E42: 時效
D43: =IF(OR(B43="",C43=""),"",ROUND((IF(C43<1,INT(B43)+C43,C43)-B43)*1440,0)/1440) | E43: =IF(D43="","",IF(D43<0,"打日期",IF(D43*1440<=120,"J+2",IF(D43*1440<=240,"J+4",IF(D43*1440<=360,"J+6",IF(D43*1440<=480,"J+8","8以上"))))))
D44: =IF(OR(B44="",C44=""),"",ROUND((IF(C44<1,INT(B44)+C44,C44)-B44)*1440,0)/1440) | E44: =IF(D44="","",IF(D44<0,"打日期",IF(D44*1440<=120,"J+2",IF(D44*1440<=240,"J+4",IF(D44*1440<=360,"J+6",IF(D44*1440<=480,"J+8","8以上"))))))
D45: =IF(OR(B45="",C45=""),"",ROUND((IF(C45<1,INT(B45)+C45,C45)-B45)*1440,0)/1440) | E45: =IF(D45="","",IF(D45<0,"打日期",IF(D45*1440<=120,"J+2",IF(D45*1440<=240,"J+4",IF(D45*1440<=360,"J+6",IF(D45*1440<=480,"J+8","8以上"))))))
D46: =IF(OR(B46="",C46=""),"",ROUND((IF(C46<1,INT(B46)+C46,C46)-B46)*1440,0)/1440) | E46: =IF(D46="","",IF(D46<0,"打日期",IF(D46*1440<=120,"J+2",IF(D46*1440<=240,"J+4",IF(D46*1440<=360,"J+6",IF(D46*1440<=480,"J+8","8以上"))))))
D47: =IF(OR(B47="",C47=""),"",ROUND((IF(C47<1,INT(B47)+C47,C47)-B47)*1440,0)/1440) | E47: =IF(D47="","",IF(D47<0,"打日期",IF(D47*1440<=120,"J+2",IF(D47*1440<=240,"J+4",IF(D47*1440<=360,"J+6",IF(D47*1440<=480,"J+8","8以上"))))))
D48: =IF(OR(B48="",C48=""),"",ROUND((IF(C48<1,INT(B48)+C48,C48)-B48)*1440,0)/1440) | E48: =IF(D48="","",IF(D48<0,"打日期",IF(D48*1440<=120,"J+2",IF(D48*1440<=240,"J+4",IF(D48*1440<=360,"J+6",IF(D48*1440<=480,"J+8","8以上"))))))
D49: =IF(OR(B49="",C49=""),"",ROUND((IF(C49<1,INT(B49)+C49,C49)-B49)*1440,0)/1440) | E49: =IF(D49="","",IF(D49<0,"打日期",IF(D49*1440<=120,"J+2",IF(D49*1440<=240,"J+4",IF(D49*1440<=360,"J+6",IF(D49*1440<=480,"J+8","8以上"))))))
D50: =IF(OR(B50="",C50=""),"",ROUND((IF(C50<1,INT(B50)+C50,C50)-B50)*1440,0)/1440) | E50: =IF(D50="","",IF(D50<0,"打日期",IF(D50*1440<=120,"J+2",IF(D50*1440<=240,"J+4",IF(D50*1440<=360,"J+6",IF(D50*1440<=480,"J+8","8以上"))))))
D51: =IF(OR(B51="",C51=""),"",ROUND((IF(C51<1,INT(B51)+C51,C51)-B51)*1440,0)/1440) | E51: =IF(D51="","",IF(D51<0,"打日期",IF(D51*1440<=120,"J+2",IF(D51*1440<=240,"J+4",IF(D51*1440<=360,"J+6",IF(D51*1440<=480,"J+8","8以上"))))))
D52: =IF(OR(B52="",C52=""),"",ROUND((IF(C52<1,INT(B52)+C52,C52)-B52)*1440,0)/1440) | E52: =IF(D52="","",IF(D52<0,"打日期",IF(D52*1440<=120,"J+2",IF(D52*1440<=240,"J+4",IF(D52*1440<=360,"J+6",IF(D52*1440<=480,"J+8","8以上"))))))
D53: =IF(OR(B53="",C53=""),"",ROUND((IF(C53<1,INT(B53)+C53,C53)-B53)*1440,0)/1440) | E53: =IF(D53="","",IF(D53<0,"打日期",IF(D53*1440<=120,"J+2",IF(D53*1440<=240,"J+4",IF(D53*1440<=360,"J+6",IF(D53*1440<=480,"J+8","8以上"))))))
D54: =IF(OR(B54="",C54=""),"",ROUND((IF(C54<1,INT(B54)+C54,C54)-B54)*1440,0)/1440) | E54: =IF(D54="","",IF(D54<0,"打日期",IF(D54*1440<=120,"J+2",IF(D54*1440<=240,"J+4",IF(D54*1440<=360,"J+6",IF(D54*1440<=480,"J+8","8以上"))))))
... D57: =IF(OR(B57="",C57=""),"",ROUND((IF(C57<1,INT(B57)+C57,C57)-B57)*1440,0)/1440) | E57: =IF(D57="","",IF(D57<0,"打日期",IF(D57*1440<=120,"J+2",IF(D57*1440<=240,"J+4",IF(D57*1440<=360,"J+6",IF(D57*1440<=480,"J+8","8以上"))))))
A58: 區域互寄:( 13時前交寄之郵件) 220、241、360、420
A60: 製表: | C60: 主管:
A61: ="中和郵務股"&'01'!$G$2&'01'!$H$2&"份 轉口 快捷郵遞時效表" -> 中和郵務股115年1月份 轉口 快捷郵遞時效表
A62: 郵件號碼 | B62: 交寄時間 | C62: 交投時間 | D62: 時數 | E62: 時效
D63: =IF(OR(B63="",C63=""),"",ROUND((IF(C63<1,INT(B63)+C63,C63)-B63)*1440,0)/1440) | E63: =IF(D63="","",IF(D63<0,"打日期",IF(D63*1440<=120,"J+2",IF(D63*1440<=240,"J+4",IF(D63*1440<=360,"J+6",IF(D63*1440<=480,"J+8","8以上"))))))
D64: =IF(OR(B64="",C64=""),"",ROUND((IF(C64<1,INT(B64)+C64,C64)-B64)*1440,0)/1440) | E64: =IF(D64="","",IF(D64<0,"打日期",IF(D64*1440<=120,"J+2",IF(D64*1440<=240,"J+4",IF(D64*1440<=360,"J+6",IF(D64*1440<=480,"J+8","8以上"))))))
D65: =IF(OR(B65="",C65=""),"",ROUND((IF(C65<1,INT(B65)+C65,C65)-B65)*1440,0)/1440) | E65: =IF(D65="","",IF(D65<0,"打日期",IF(D65*1440<=120,"J+2",IF(D65*1440<=240,"J+4",IF(D65*1440<=360,"J+6",IF(D65*1440<=480,"J+8","8以上"))))))
D66: =IF(OR(B66="",C66=""),"",ROUND((IF(C66<1,INT(B66)+C66,C66)-B66)*1440,0)/1440) | E66: =IF(D66="","",IF(D66<0,"打日期",IF(D66*1440<=120,"J+2",IF(D66*1440<=240,"J+4",IF(D66*1440<=360,"J+6",IF(D66*1440<=480,"J+8","8以上"))))))
D67: =IF(OR(B67="",C67=""),"",ROUND((IF(C67<1,INT(B67)+C67,C67)-B67)*1440,0)/1440) | E67: =IF(D67="","",IF(D67<0,"打日期",IF(D67*1440<=120,"J+2",IF(D67*1440<=240,"J+4",IF(D67*1440<=360,"J+6",IF(D67*1440<=480,"J+8","8以上"))))))
D68: =IF(OR(B68="",C68=""),"",ROUND((IF(C68<1,INT(B68)+C68,C68)-B68)*1440,0)/1440) | E68: =IF(D68="","",IF(D68<0,"打日期",IF(D68*1440<=120,"J+2",IF(D68*1440<=240,"J+4",IF(D68*1440<=360,"J+6",IF(D68*1440<=480,"J+8","8以上"))))))
D69: =IF(OR(B69="",C69=""),"",ROUND((IF(C69<1,INT(B69)+C69,C69)-B69)*1440,0)/1440) | E69: =IF(D69="","",IF(D69<0,"打日期",IF(D69*1440<=120,"J+2",IF(D69*1440<=240,"J+4",IF(D69*1440<=360,"J+6",IF(D69*1440<=480,"J+8","8以上"))))))
D70: =IF(OR(B70="",C70=""),"",ROUND((IF(C70<1,INT(B70)+C70,C70)-B70)*1440,0)/1440) | E70: =IF(D70="","",IF(D70<0,"打日期",IF(D70*1440<=120,"J+2",IF(D70*1440<=240,"J+4",IF(D70*1440<=360,"J+6",IF(D70*1440<=480,"J+8","8以上"))))))
D71: =IF(OR(B71="",C71=""),"",ROUND((IF(C71<1,INT(B71)+C71,C71)-B71)*1440,0)/1440) | E71: =IF(D71="","",IF(D71<0,"打日期",IF(D71*1440<=120,"J+2",IF(D71*1440<=240,"J+4",IF(D71*1440<=360,"J+6",IF(D71*1440<=480,"J+8","8以上"))))))
D72: =IF(OR(B72="",C72=""),"",ROUND((IF(C72<1,INT(B72)+C72,C72)-B72)*1440,0)/1440) | E72: =IF(D72="","",IF(D72<0,"打日期",IF(D72*1440<=120,"J+2",IF(D72*1440<=240,"J+4",IF(D72*1440<=360,"J+6",IF(D72*1440<=480,"J+8","8以上"))))))
D73: =IF(OR(B73="",C73=""),"",ROUND((IF(C73<1,INT(B73)+C73,C73)-B73)*1440,0)/1440) | E73: =IF(D73="","",IF(D73<0,"打日期",IF(D73*1440<=120,"J+2",IF(D73*1440<=240,"J+4",IF(D73*1440<=360,"J+6",IF(D73*1440<=480,"J+8","8以上"))))))
D74: =IF(OR(B74="",C74=""),"",ROUND((IF(C74<1,INT(B74)+C74,C74)-B74)*1440,0)/1440) | E74: =IF(D74="","",IF(D74<0,"打日期",IF(D74*1440<=120,"J+2",IF(D74*1440<=240,"J+4",IF(D74*1440<=360,"J+6",IF(D74*1440<=480,"J+8","8以上"))))))
... D77: =IF(OR(B77="",C77=""),"",ROUND((IF(C77<1,INT(B77)+C77,C77)-B77)*1440,0)/1440) | E77: =IF(D77="","",IF(D77<0,"打日期",IF(D77*1440<=120,"J+2",IF(D77*1440<=240,"J+4",IF(D77*1440<=360,"J+6",IF(D77*1440<=480,"J+8","8以上"))))))
A78: 十大都市:( 11時前交寄之郵件) 台北市(100-110)、板橋市(220)、桃園市(330)、中壢市(含平鎮，320、324)、新竹市(300)、台中市(400-408)、彰化市(500)、嘉義市(600)、台南市(700-709)、高雄市(800-804、806、807)互寄者。
A80: 製表: | C80: 主管:

Sheet 02
A1: 中和郵局 抽測國內快捷情形報告單
G2: ='01'!G2 -> 115年 | H2: 2月
A3: 互寄地區 | C3: 抽測件數 | D3: J+2時 件數 | E3: J+2時 投遞率 | F3: J+4時 件數 | G3: J+4時 投遞率 | H3: J+6時 件數 | I3: J+6時 投遞率 | J3: J+8時 件數 | K3: J+8時 投遞率 | L3: 8時以上 件數 | M3: 8時以上 投遞率 | N3: 符合時效比例 | O3: 平均 (時)數
A4: 本收本投 | C4: =D4+F4+H4+J4+L4 -> 0 | D4: =COUNTIF(02子本!$E$3:$E$17,"J+2") -> 0 | E4: =IF($C4=0,"",D4/$C4) | F4: =COUNTIF(02子本!$E$3:$E$17,"J+4") -> 0 | G4: =IF($C4=0,"",F4/$C4) | H4: =COUNTIF(02子本!$E$3:$E$17,"J+6") -> 0 | I4: =IF($C4=0,"",H4/$C4) | J4: =COUNTIF(02子本!$E$3:$E$17,"J+8") -> 0 | K4: =IF($C4=0,"",J4/$C4) | L4: =COUNTIF(02子本!$E$3:$E$17,"8以上") -> 0 | M4: =IF($C4=0,"",L4/$C4) | N4: 1 | O4: =IF($C4=0,"",(D4*2+F4*4+H4*6+J4*8+L4*8)/$C4)
A5: 主要都市間互寄 | C5: =D5+F5+H5+J5+L5 -> 0 | D5: =COUNTIF(02子本!$E$23:$E$37,"J+2") -> 0 | E5: =IF($C5=0,"",D5/$C5) | F5: =COUNTIF(02子本!$E$23:$E$37,"J+4") -> 0 | G5: =IF($C5=0,"",F5/$C5) | H5: =COUNTIF(02子本!$E$23:$E$37,"J+6") -> 0 | I5: =IF($C5=0,"",H5/$C5) | J5: =COUNTIF(02子本!$E$23:$E$37,"J+8") -> 0 | K5: =IF($C5=0,"",J5/$C5) | L5: =COUNTIF(02子本!$E$23:$E$37,"8以上") -> 0 | M5: =IF($C5=0,"",L5/$C5) | N5: 1 | O5: =IF($C5=0,"",(D5*2+F5*4+H5*6+J5*8+L5*8)/$C5)
A6: 區域內互寄 (北北基、台中、高雄、中彰投地區) | C6: =D6+F6+H6+J6+L6 -> 0 | D6: =COUNTIF(02子本!$E$43:$E$57,"J+2") -> 0 | E6: =IF($C6=0,"",D6/$C6) | F6: =COUNTIF(02子本!$E$43:$E$57,"J+4") -> 0 | G6: =IF($C6=0,"",F6/$C6) | H6: =COUNTIF(02子本!$E$43:$E$57,"J+6") -> 0 | I6: =IF($C6=0,"",H6/$C6) | J6: =COUNTIF(02子本!$E$43:$E$57,"J+8") -> 0 | K6: =IF($C6=0,"",J6/$C6) | L6: =COUNTIF(02子本!$E$43:$E$57,"8以上") -> 0 | M6: =IF($C6=0,"",L6/$C6) | N6: 1 | O6: =IF($C6=0,"",(D6*2+F6*4+H6*6+J6*8+L6*8)/$C6)
A7: 其他轉口 | C7: =D7+F7+H7+J7+L7 -> 0 | D7: =COUNTIF(02子本!$E$63:$E$77,"J+2") -> 0 | E7: =IF($C7=0,"",D7/$C7) | F7: =COUNTIF(02子本!$E$63:$E$77,"J+4") -> 0 | G7: =IF($C7=0,"",F7/$C7) | H7: =COUNTIF(02子本!$E$63:$E$77,"J+6") -> 0 | I7: =IF($C7=0,"",H7/$C7) | J7: =COUNTIF(02子本!$E$63:$E$77,"J+8") -> 0 | K7: =IF($C7=0,"",J7/$C7) | L7: =COUNTIF(02子本!$E$63:$E$77,"8以上") -> 0 | M7: =IF($C7=0,"",L7/$C7) | N7: 1 | O7: =IF($C7=0,"",(D7*2+F7*4+H7*6+J7*8+L7*8)/$C7)
A8: 說明：
A9: 1 | B9: 為瞭解國內快捷郵件寄遞時效，各局快捷單位應透過MQ或本公司全球資訊網查詢系統抽測「本收本投」、「主要都市互寄」、「區域內互寄」、「其他轉口」4類，每月至少各10件（抽查紀錄列印或記錄郵件號碼留局備查，保存1年），抽測結果於次月5日前寄管轄郵局郵務科彙整，於8日前上傳主機。
A10: 2 | B10: 抽測樣本：本收本投以15時前交寄、主要都市互寄11時前交寄、區域間互寄13時前交寄之郵件抽測為主。
A11: 3 | B11: 寄遞時效：自「交寄郵件」到「郵件投遞中」之處理狀態時間計算，四小時以內者填「ｊ＋4時」欄；逾四小時不逾六小時者填「ｊ＋6時」欄，餘類推。抽測結果有不符合時效標準者，請將相關地名列出，並檢討改善。
A12: 4 | B12: 十大都市互寄係指台北市(100-110)、板橋市(220)、桃園市(330)、中壢市(含平鎮，320、324)、新竹市(300)、台中市(400-408)、彰化市(500)、嘉義市(600)、台南市(700-709)、高雄市(800-804、806、807)互寄者。該欄位僅由該十大都市互寄局就相關之郵件抽測情形填註。
A13: 5 | B13: 平均(時)數：((J+2小時投遞率)*2+(J+4小時投遞率)*4+(J+6小時投遞率)*6+(J+8小時投遞率)*8+(J+8小時以上投遞率)*8)/100。
B14: 製表: | F14: 主管:

Sheet 02子本
A1: ="中和郵務股"&'02'!$G$2&'02'!$H$2&"份 本口 快捷郵遞時效表" -> 中和郵務股115年2月份 本口 快捷郵遞時效表
A2: 郵件號碼 | B2: 交寄時間 | C2: 交投時間 | D2: 時數 | E2: 時效
D3: =IF(OR(B3="",C3=""),"",ROUND((IF(C3<1,INT(B3)+C3,C3)-B3)*1440,0)/1440) | E3: =IF(D3="","",IF(D3<0,"打日期",IF(D3*1440<=120,"J+2",IF(D3*1440<=240,"J+4",IF(D3*1440<=360,"J+6",IF(D3*1440<=480,"J+8","8以上"))))))
D4: =IF(OR(B4="",C4=""),"",ROUND((IF(C4<1,INT(B4)+C4,C4)-B4)*1440,0)/1440) | E4: =IF(D4="","",IF(D4<0,"打日期",IF(D4*1440<=120,"J+2",IF(D4*1440<=240,"J+4",IF(D4*1440<=360,"J+6",IF(D4*1440<=480,"J+8","8以上"))))))
D5: =IF(OR(B5="",C5=""),"",ROUND((IF(C5<1,INT(B5)+C5,C5)-B5)*1440,0)/1440) | E5: =IF(D5="","",IF(D5<0,"打日期",IF(D5*1440<=120,"J+2",IF(D5*1440<=240,"J+4",IF(D5*1440<=360,"J+6",IF(D5*1440<=480,"J+8","8以上"))))))
D6: =IF(OR(B6="",C6=""),"",ROUND((IF(C6<1,INT(B6)+C6,C6)-B6)*1440,0)/1440) | E6: =IF(D6="","",IF(D6<0,"打日期",IF(D6*1440<=120,"J+2",IF(D6*1440<=240,"J+4",IF(D6*1440<=360,"J+6",IF(D6*1440<=480,"J+8","8以上"))))))
D7: =IF(OR(B7="",C7=""),"",ROUND((IF(C7<1,INT(B7)+C7,C7)-B7)*1440,0)/1440) | E7: =IF(D7="","",IF(D7<0,"打日期",IF(D7*1440<=120,"J+2",IF(D7*1440<=240,"J+4",IF(D7*1440<=360,"J+6",IF(D7*1440<=480,"J+8","8以上"))))))
D8: =IF(OR(B8="",C8=""),"",ROUND((IF(C8<1,INT(B8)+C8,C8)-B8)*1440,0)/1440) | E8: =IF(D8="","",IF(D8<0,"打日期",IF(D8*1440<=120,"J+2",IF(D8*1440<=240,"J+4",IF(D8*1440<=360,"J+6",IF(D8*1440<=480,"J+8","8以上"))))))
D9: =IF(OR(B9="",C9=""),"",ROUND((IF(C9<1,INT(B9)+C9,C9)-B9)*1440,0)/1440) | E9: =IF(D9="","",IF(D9<0,"打日期",IF(D9*1440<=120,"J+2",IF(D9*1440<=240,"J+4",IF(D9*1440<=360,"J+6",IF(D9*1440<=480,"J+8","8以上"))))))
D10: =IF(OR(B10="",C10=""),"",ROUND((IF(C10<1,INT(B10)+C10,C10)-B10)*1440,0)/1440) | E10: =IF(D10="","",IF(D10<0,"打日期",IF(D10*1440<=120,"J+2",IF(D10*1440<=240,"J+4",IF(D10*1440<=360,"J+6",IF(D10*1440<=480,"J+8","8以上"))))))
D11: =IF(OR(B11="",C11=""),"",ROUND((IF(C11<1,INT(B11)+C11,C11)-B11)*1440,0)/1440) | E11: =IF(D11="","",IF(D11<0,"打日期",IF(D11*1440<=120,"J+2",IF(D11*1440<=240,"J+4",IF(D11*1440<=360,"J+6",IF(D11*1440<=480,"J+8","8以上"))))))
D12: =IF(OR(B12="",C12=""),"",ROUND((IF(C12<1,INT(B12)+C12,C12)-B12)*1440,0)/1440) | E12: =IF(D12="","",IF(D12<0,"打日期",IF(D12*1440<=120,"J+2",IF(D12*1440<=240,"J+4",IF(D12*1440<=360,"J+6",IF(D12*1440<=480,"J+8","8以上"))))))
D13: =IF(OR(B13="",C13=""),"",ROUND((IF(C13<1,INT(B13)+C13,C13)-B13)*1440,0)/1440) | E13: =IF(D13="","",IF(D13<0,"打日期",IF(D13*1440<=120,"J+2",IF(D13*1440<=240,"J+4",IF(D13*1440<=360,"J+6",IF(D13*1440<=480,"J+8","8以上"))))))
D14: =IF(OR(B14="",C14=""),"",ROUND((IF(C14<1,INT(B14)+C14,C14)-B14)*1440,0)/1440) | E14: =IF(D14="","",IF(D14<0,"打日期",IF(D14*1440<=120,"J+2",IF(D14*1440<=240,"J+4",IF(D14*1440<=360,"J+6",IF(D14*1440<=480,"J+8","8以上"))))))
... D17: =IF(OR(B17="",C17=""),"",ROUND((IF(C17<1,INT(B17)+C17,C17)-B17)*1440,0)/1440) | E17: =IF(D17="","",IF(D17<0,"打日期",IF(D17*1440<=120,"J+2",IF(D17*1440<=240,"J+4",IF(D17*1440<=360,"J+6",IF(D17*1440<=480,"J+8","8以上"))))))
A18: 本地互寄:( 15時前交寄之郵件) 板橋市22071~81、92
A20: 製表: | C20: 主管:
A21: ="中和郵務股"&'02'!$G$2&'02'!$H$2&"份 十大都會區 快捷郵遞時效表" -> 中和郵務股115年2月份 十大都會區 快捷郵遞時效表
A22: 郵件號碼 | B22: 交寄時間 | C22: 交投時間 | D22: 時數 | E22: 時效
D23: =IF(OR(B23="",C23=""),"",ROUND((IF(C23<1,INT(B23)+C23,C23)-B23)*1440,0)/1440) | E23: =IF(D23="","",IF(D23<0,"打日期",IF(D23*1440<=120,"J+2",IF(D23*1440<=240,"J+4",IF(D23*1440<=360,"J+6",IF(D23*1440<=480,"J+8","8以上"))))))
D24: =IF(OR(B24="",C24=""),"",ROUND((IF(C24<1,INT(B24)+C24,C24)-B24)*1440,0)/1440) | E24: =IF(D24="","",IF(D24<0,"打日期",IF(D24*1440<=120,"J+2",IF(D24*1440<=240,"J+4",IF(D24*1440<=360,"J+6",IF(D24*1440<=480,"J+8","8以上"))))))
D25: =IF(OR(B25="",C25=""),"",ROUND((IF(C25<1,INT(B25)+C25,C25)-B25)*1440,0)/1440) | E25: =IF(D25="","",IF(D25<0,"打日期",IF(D25*1440<=120,"J+2",IF(D25*1440<=240,"J+4",IF(D25*1440<=360,"J+6",IF(D25*1440<=480,"J+8","8以上"))))))
D26: =IF(OR(B26="",C26=""),"",ROUND((IF(C26<1,INT(B26)+C26,C26)-B26)*1440,0)/1440) | E26: =IF(D26="","",IF(D26<0,"打日期",IF(D26*1440<=120,"J+2",IF(D26*1440<=240,"J+4",IF(D26*1440<=360,"J+6",IF(D26*1440<=480,"J+8","8以上"))))))
D27: =IF(OR(B27="",C27=""),"",ROUND((IF(C27<1,INT(B27)+C27,C27)-B27)*1440,0)/1440) | E27: =IF(D27="","",IF(D27<0,"打日期",IF(D27*1440<=120,"J+2",IF(D27*1440<=240,"J+4",IF(D27*1440<=360,"J+6",IF(D27*1440<=480,"J+8","8以上"))))))
D28: =IF(OR(B28="",C28=""),"",ROUND((IF(C28<1,INT(B28)+C28,C28)-B28)*1440,0)/1440) | E28: =IF(D28="","",IF(D28<0,"打日期",IF(D28*1440<=120,"J+2",IF(D28*1440<=240,"J+4",IF(D28*1440<=360,"J+6",IF(D28*1440<=480,"J+8","8以上"))))))
D29: =IF(OR(B29="",C29=""),"",ROUND((IF(C29<1,INT(B29)+C29,C29)-B29)*1440,0)/1440) | E29: =IF(D29="","",IF(D29<0,"打日期",IF(D29*1440<=120,"J+2",IF(D29*1440<=240,"J+4",IF(D29*1440<=360,"J+6",IF(D29*1440<=480,"J+8","8以上"))))))
D30: =IF(OR(B30="",C30=""),"",ROUND((IF(C30<1,INT(B30)+C30,C30)-B30)*1440,0)/1440) | E30: =IF(D30="","",IF(D30<0,"打日期",IF(D30*1440<=120,"J+2",IF(D30*1440<=240,"J+4",IF(D30*1440<=360,"J+6",IF(D30*1440<=480,"J+8","8以上"))))))
D31: =IF(OR(B31="",C31=""),"",ROUND((IF(C31<1,INT(B31)+C31,C31)-B31)*1440,0)/1440) | E31: =IF(D31="","",IF(D31<0,"打日期",IF(D31*1440<=120,"J+2",IF(D31*1440<=240,"J+4",IF(D31*1440<=360,"J+6",IF(D31*1440<=480,"J+8","8以上"))))))
D32: =IF(OR(B32="",C32=""),"",ROUND((IF(C32<1,INT(B32)+C32,C32)-B32)*1440,0)/1440) | E32: =IF(D32="","",IF(D32<0,"打日期",IF(D32*1440<=120,"J+2",IF(D32*1440<=240,"J+4",IF(D32*1440<=360,"J+6",IF(D32*1440<=480,"J+8","8以上"))))))
D33: =IF(OR(B33="",C33=""),"",ROUND((IF(C33<1,INT(B33)+C33,C33)-B33)*1440,0)/1440) | E33: =IF(D33="","",IF(D33<0,"打日期",IF(D33*1440<=120,"J+2",IF(D33*1440<=240,"J+4",IF(D33*1440<=360,"J+6",IF(D33*1440<=480,"J+8","8以上"))))))
D34: =IF(OR(B34="",C34=""),"",ROUND((IF(C34<1,INT(B34)+C34,C34)-B34)*1440,0)/1440) | E34: =IF(D34="","",IF(D34<0,"打日期",IF(D34*1440<=120,"J+2",IF(D34*1440<=240,"J+4",IF(D34*1440<=360,"J+6",IF(D34*1440<=480,"J+8","8以上"))))))
... D37: =IF(OR(B37="",C37=""),"",ROUND((IF(C37<1,INT(B37)+C37,C37)-B37)*1440,0)/1440) | E37: =IF(D37="","",IF(D37<0,"打日期",IF(D37*1440<=120,"J+2",IF(D37*1440<=240,"J+4",IF(D37*1440<=360,"J+6",IF(D37*1440<=480,"J+8","8以上"))))))
A38: 十大都市:( 11時前交寄之郵件) 台北市(100-110)、基隆市(200~206)、桃園市(330)、中壢市(含平鎮，320、324)、台中市(400-408)、彰化市(500)、嘉義市(600)、台南市(700-709)、高雄市(800-804、806、807)互寄者。
A40: 製表: | C40: 主管:
A41: ="中和郵務股"&'02'!$G$2&'02'!$H$2&"份 區域內互寄 快捷郵遞時效表" -> 中和郵務股115年2月份 區域內互寄 快捷郵遞時效表
A42: 郵件號碼 | B42: 交寄時間 | C42: 交投時間 | D42: 時數 | E42: 時效
D43: =IF(OR(B43="",C43=""),"",ROUND((IF(C43<1,INT(B43)+C43,C43)-B43)*1440,0)/1440) | E43: =IF(D43="","",IF(D43<0,"打日期",IF(D43*1440<=120,"J+2",IF(D43*1440<=240,"J+4",IF(D43*1440<=360,"J+6",IF(D43*1440<=480,"J+8","8以上"))))))
D44: =IF(OR(B44="",C44=""),"",ROUND((IF(C44<1,INT(B44)+C44,C44)-B44)*1440,0)/1440) | E44: =IF(D44="","",IF(D44<0,"打日期",IF(D44*1440<=120,"J+2",IF(D44*1440<=240,"J+4",IF(D44*1440<=360,"J+6",IF(D44*1440<=480,"J+8","8以上"))))))
D45: =IF(OR(B45="",C45=""),"",ROUND((IF(C45<1,INT(B45)+C45,C45)-B45)*1440,0)/1440) | E45: =IF(D45="","",IF(D45<0,"打日期",IF(D45*1440<=120,"J+2",IF(D45*1440<=240,"J+4",IF(D45*1440<=360,"J+6",IF(D45*1440<=480,"J+8","8以上"))))))
D46: =IF(OR(B46="",C46=""),"",ROUND((IF(C46<1,INT(B46)+C46,C46)-B46)*1440,0)/1440) | E46: =IF(D46="","",IF(D46<0,"打日期",IF(D46*1440<=120,"J+2",IF(D46*1440<=240,"J+4",IF(D46*1440<=360,"J+6",IF(D46*1440<=480,"J+8","8以上"))))))
D47: =IF(OR(B47="",C47=""),"",ROUND((IF(C47<1,INT(B47)+C47,C47)-B47)*1440,0)/1440) | E47: =IF(D47="","",IF(D47<0,"打日期",IF(D47*1440<=120,"J+2",IF(D47*1440<=240,"J+4",IF(D47*1440<=360,"J+6",IF(D47*1440<=480,"J+8","8以上"))))))
D48: =IF(OR(B48="",C48=""),"",ROUND((IF(C48<1,INT(B48)+C48,C48)-B48)*1440,0)/1440) | E48: =IF(D48="","",IF(D48<0,"打日期",IF(D48*1440<=120,"J+2",IF(D48*1440<=240,"J+4",IF(D48*1440<=360,"J+6",IF(D48*1440<=480,"J+8","8以上"))))))
D49: =IF(OR(B49="",C49=""),"",ROUND((IF(C49<1,INT(B49)+C49,C49)-B49)*1440,0)/1440) | E49: =IF(D49="","",IF(D49<0,"打日期",IF(D49*1440<=120,"J+2",IF(D49*1440<=240,"J+4",IF(D49*1440<=360,"J+6",IF(D49*1440<=480,"J+8","8以上"))))))
D50: =IF(OR(B50="",C50=""),"",ROUND((IF(C50<1,INT(B50)+C50,C50)-B50)*1440,0)/1440) | E50: =IF(D50="","",IF(D50<0,"打日期",IF(D50*1440<=120,"J+2",IF(D50*1440<=240,"J+4",IF(D50*1440<=360,"J+6",IF(D50*1440<=480,"J+8","8以上"))))))
D51: =IF(OR(B51="",C51=""),"",ROUND((IF(C51<1,INT(B51)+C51,C51)-B51)*1440,0)/1440) | E51: =IF(D51="","",IF(D51<0,"打日期",IF(D51*1440<=120,"J+2",IF(D51*1440<=240,"J+4",IF(D51*1440<=360,"J+6",IF(D51*1440<=480,"J+8","8以上"))))))
D52: =IF(OR(B52="",C52=""),"",ROUND((IF(C52<1,INT(B52)+C52,C52)-B52)*1440,0)/1440) | E52: =IF(D52="","",IF(D52<0,"打日期",IF(D52*1440<=120,"J+2",IF(D52*1440<=240,"J+4",IF(D52*1440<=360,"J+6",IF(D52*1440<=480,"J+8","8以上"))))))
D53: =IF(OR(B53="",C53=""),"",ROUND((IF(C53<1,INT(B53)+C53,C53)-B53)*1440,0)/1440) | E53: =IF(D53="","",IF(D53<0,"打日期",IF(D53*1440<=120,"J+2",IF(D53*1440<=240,"J+4",IF(D53*1440<=360,"J+6",IF(D53*1440<=480,"J+8","8以上"))))))
D54: =IF(OR(B54="",C54=""),"",ROUND((IF(C54<1,INT(B54)+C54,C54)-B54)*1440,0)/1440) | E54: =IF(D54="","",IF(D54<0,"打日期",IF(D54*1440<=120,"J+2",IF(D54*1440<=240,"J+4",IF(D54*1440<=360,"J+6",IF(D54*1440<=480,"J+8","8以上"))))))
... D57: =IF(OR(B57="",C57=""),"",ROUND((IF(C57<1,INT(B57)+C57,C57)-B57)*1440,0)/1440) | E57: =IF(D57="","",IF(D57<0,"打日期",IF(D57*1440<=120,"J+2",IF(D57*1440<=240,"J+4",IF(D57*1440<=360,"J+6",IF(D57*1440<=480,"J+8","8以上"))))))
A58: 區域互寄:( 13時前交寄之郵件) 220、241、360、420
A60: 製表: | C60: 主管:
A61: ="中和郵務股"&'02'!$G$2&'02'!$H$2&"份 轉口 快捷郵遞時效表" -> 中和郵務股115年2月份 轉口 快捷郵遞時效表
A62: 郵件號碼 | B62: 交寄時間 | C62: 交投時間 | D62: 時數 | E62: 時效
D63: =IF(OR(B63="",C63=""),"",ROUND((IF(C63<1,INT(B63)+C63,C63)-B63)*1440,0)/1440) | E63: =IF(D63="","",IF(D63<0,"打日期",IF(D63*1440<=120,"J+2",IF(D63*1440<=240,"J+4",IF(D63*1440<=360,"J+6",IF(D63*1440<=480,"J+8","8以上"))))))
D64: =IF(OR(B64="",C64=""),"",ROUND((IF(C64<1,INT(B64)+C64,C64)-B64)*1440,0)/1440) | E64: =IF(D64="","",IF(D64<0,"打日期",IF(D64*1440<=120,"J+2",IF(D64*1440<=240,"J+4",IF(D64*1440<=360,"J+6",IF(D64*1440<=480,"J+8","8以上"))))))
D65: =IF(OR(B65="",C65=""),"",ROUND((IF(C65<1,INT(B65)+C65,C65)-B65)*1440,0)/1440) | E65: =IF(D65="","",IF(D65<0,"打日期",IF(D65*1440<=120,"J+2",IF(D65*1440<=240,"J+4",IF(D65*1440<=360,"J+6",IF(D65*1440<=480,"J+8","8以上"))))))
D66: =IF(OR(B66="",C66=""),"",ROUND((IF(C66<1,INT(B66)+C66,C66)-B66)*1440,0)/1440) | E66: =IF(D66="","",IF(D66<0,"打日期",IF(D66*1440<=120,"J+2",IF(D66*1440<=240,"J+4",IF(D66*1440<=360,"J+6",IF(D66*1440<=480,"J+8","8以上"))))))
D67: =IF(OR(B67="",C67=""),"",ROUND((IF(C67<1,INT(B67)+C67,C67)-B67)*1440,0)/1440) | E67: =IF(D67="","",IF(D67<0,"打日期",IF(D67*1440<=120,"J+2",IF(D67*1440<=240,"J+4",IF(D67*1440<=360,"J+6",IF(D67*1440<=480,"J+8","8以上"))))))
D68: =IF(OR(B68="",C68=""),"",ROUND((IF(C68<1,INT(B68)+C68,C68)-B68)*1440,0)/1440) | E68: =IF(D68="","",IF(D68<0,"打日期",IF(D68*1440<=120,"J+2",IF(D68*1440<=240,"J+4",IF(D68*1440<=360,"J+6",IF(D68*1440<=480,"J+8","8以上"))))))
D69: =IF(OR(B69="",C69=""),"",ROUND((IF(C69<1,INT(B69)+C69,C69)-B69)*1440,0)/1440) | E69: =IF(D69="","",IF(D69<0,"打日期",IF(D69*1440<=120,"J+2",IF(D69*1440<=240,"J+4",IF(D69*1440<=360,"J+6",IF(D69*1440<=480,"J+8","8以上"))))))
D70: =IF(OR(B70="",C70=""),"",ROUND((IF(C70<1,INT(B70)+C70,C70)-B70)*1440,0)/1440) | E70: =IF(D70="","",IF(D70<0,"打日期",IF(D70*1440<=120,"J+2",IF(D70*1440<=240,"J+4",IF(D70*1440<=360,"J+6",IF(D70*1440<=480,"J+8","8以上"))))))
D71: =IF(OR(B71="",C71=""),"",ROUND((IF(C71<1,INT(B71)+C71,C71)-B71)*1440,0)/1440) | E71: =IF(D71="","",IF(D71<0,"打日期",IF(D71*1440<=120,"J+2",IF(D71*1440<=240,"J+4",IF(D71*1440<=360,"J+6",IF(D71*1440<=480,"J+8","8以上"))))))
D72: =IF(OR(B72="",C72=""),"",ROUND((IF(C72<1,INT(B72)+C72,C72)-B72)*1440,0)/1440) | E72: =IF(D72="","",IF(D72<0,"打日期",IF(D72*1440<=120,"J+2",IF(D72*1440<=240,"J+4",IF(D72*1440<=360,"J+6",IF(D72*1440<=480,"J+8","8以上"))))))
D73: =IF(OR(B73="",C73=""),"",ROUND((IF(C73<1,INT(B73)+C73,C73)-B73)*1440,0)/1440) | E73: =IF(D73="","",IF(D73<0,"打日期",IF(D73*1440<=120,"J+2",IF(D73*1440<=240,"J+4",IF(D73*1440<=360,"J+6",IF(D73*1440<=480,"J+8","8以上"))))))
D74: =IF(OR(B74="",C74=""),"",ROUND((IF(C74<1,INT(B74)+C74,C74)-B74)*1440,0)/1440) | E74: =IF(D74="","",IF(D74<0,"打日期",IF(D74*1440<=120,"J+2",IF(D74*1440<=240,"J+4",IF(D74*1440<=360,"J+6",IF(D74*1440<=480,"J+8","8以上"))))))
... D77: =IF(OR(B77="",C77=""),"",ROUND((IF(C77<1,INT(B77)+C77,C77)-B77)*1440,0)/1440) | E77: =IF(D77="","",IF(D77<0,"打日期",IF(D77*1440<=120,"J+2",IF(D77*1440<=240,"J+4",IF(D77*1440<=360,"J+6",IF(D77*1440<=480,"J+8","8以上"))))))
A78: 十大都市:( 11時前交寄之郵件) 台北市(100-110)、板橋市(220)、桃園市(330)、中壢市(含平鎮，320、324)、新竹市(300)、台中市(400-408)、彰化市(500)、嘉義市(600)、台南市(700-709)、高雄市(800-804、806、807)互寄者。
A80: 製表: | C80: 主管:

Sheet 03
A1: 中和郵局 抽測國內快捷情形報告單
G2: ='01'!G2 -> 115年 | H2: 3月
A3: 互寄地區 | C3: 抽測件數 | D3: J+2時 件數 | E3: J+2時 投遞率 | F3: J+4時 件數 | G3: J+4時 投遞率 | H3: J+6時 件數 | I3: J+6時 投遞率 | J3: J+8時 件數 | K3: J+8時 投遞率 | L3: 8時以上 件數 | M3: 8時以上 投遞率 | N3: 符合時效比例 | O3: 平均 (時)數
A4: 本收本投 | C4: =D4+F4+H4+J4+L4 -> 0 | D4: =COUNTIF(03子本!$E$3:$E$17,"J+2") -> 0 | E4: =IF($C4=0,"",D4/$C4) | F4: =COUNTIF(03子本!$E$3:$E$17,"J+4") -> 0 | G4: =IF($C4=0,"",F4/$C4) | H4: =COUNTIF(03子本!$E$3:$E$17,"J+6") -> 0 | I4: =IF($C4=0,"",H4/$C4) | J4: =COUNTIF(03子本!$E$3:$E$17,"J+8") -> 0 | K4: =IF($C4=0,"",J4/$C4) | L4: =COUNTIF(03子本!$E$3:$E$17,"8以上") -> 0 | M4: =IF($C4=0,"",L4/$C4) | N4: 1 | O4: =IF($C4=0,"",(D4*2+F4*4+H4*6+J4*8+L4*8)/$C4)
A5: 主要都市間互寄 | C5: =D5+F5+H5+J5+L5 -> 0 | D5: =COUNTIF(03子本!$E$23:$E$37,"J+2") -> 0 | E5: =IF($C5=0,"",D5/$C5) | F5: =COUNTIF(03子本!$E$23:$E$37,"J+4") -> 0 | G5: =IF($C5=0,"",F5/$C5) | H5: =COUNTIF(03子本!$E$23:$E$37,"J+6") -> 0 | I5: =IF($C5=0,"",H5/$C5) | J5: =COUNTIF(03子本!$E$23:$E$37,"J+8") -> 0 | K5: =IF($C5=0,"",J5/$C5) | L5: =COUNTIF(03子本!$E$23:$E$37,"8以上") -> 0 | M5: =IF($C5=0,"",L5/$C5) | N5: 1 | O5: =IF($C5=0,"",(D5*2+F5*4+H5*6+J5*8+L5*8)/$C5)
A6: 區域內互寄 (北北基、台中、高雄、中彰投地區) | C6: =D6+F6+H6+J6+L6 -> 0 | D6: =COUNTIF(03子本!$E$43:$E$57,"J+2") -> 0 | E6: =IF($C6=0,"",D6/$C6) | F6: =COUNTIF(03子本!$E$43:$E$57,"J+4") -> 0 | G6: =IF($C6=0,"",F6/$C6) | H6: =COUNTIF(03子本!$E$43:$E$57,"J+6") -> 0 | I6: =IF($C6=0,"",H6/$C6) | J6: =COUNTIF(03子本!$E$43:$E$57,"J+8") -> 0 | K6: =IF($C6=0,"",J6/$C6) | L6: =COUNTIF(03子本!$E$43:$E$57,"8以上") -> 0 | M6: =IF($C6=0,"",L6/$C6) | N6: 1 | O6: =IF($C6=0,"",(D6*2+F6*4+H6*6+J6*8+L6*8)/$C6)
A7: 其他轉口 | C7: =D7+F7+H7+J7+L7 -> 0 | D7: =COUNTIF(03子本!$E$63:$E$77,"J+2") -> 0 | E7: =IF($C7=0,"",D7/$C7) | F7: =COUNTIF(03子本!$E$63:$E$77,"J+4") -> 0 | G7: =IF($C7=0,"",F7/$C7) | H7: =COUNTIF(03子本!$E$63:$E$77,"J+6") -> 0 | I7: =IF($C7=0,"",H7/$C7) | J7: =COUNTIF(03子本!$E$63:$E$77,"J+8") -> 0 | K7: =IF($C7=0,"",J7/$C7) | L7: =COUNTIF(03子本!$E$63:$E$77,"8以上") -> 0 | M7: =IF($C7=0,"",L7/$C7) | N7: 1 | O7: =IF($C7=0,"",(D7*2+F7*4+H7*6+J7*8+L7*8)/$C7)
A8: 說明：
A9: 1 | B9: 為瞭解國內快捷郵件寄遞時效，各局快捷單位應透過MQ或本公司全球資訊網查詢系統抽測「本收本投」、「主要都市互寄」、「區域內互寄」、「其他轉口」4類，每月至少各10件（抽查紀錄列印或記錄郵件號碼留局備查，保存1年），抽測結果於次月5日前寄管轄郵局郵務科彙整，於8日前上傳主機。
A10: 2 | B10: 抽測樣本：本收本投以15時前交寄、主要都市互寄11時前交寄、區域間互寄13時前交寄之郵件抽測為主。
A11: 3 | B11: 寄遞時效：自「交寄郵件」到「郵件投遞中」之處理狀態時間計算，四小時以內者填「ｊ＋4時」欄；逾四小時不逾六小時者填「ｊ＋6時」欄，餘類推。抽測結果有不符合時效標準者，請將相關地名列出，並檢討改善。
A12: 4 | B12: 十大都市互寄係指台北市(100-110)、板橋市(220)、桃園市(330)、中壢市(含平鎮，320、324)、新竹市(300)、台中市(400-408)、彰化市(500)、嘉義市(600)、台南市(700-709)、高雄市(800-804、806、807)互寄者。該欄位僅由該十大都市互寄局就相關之郵件抽測情形填註。
A13: 5 | B13: 平均(時)數：((J+2小時投遞率)*2+(J+4小時投遞率)*4+(J+6小時投遞率)*6+(J+8小時投遞率)*8+(J+8小時以上投遞率)*8)/100。
B14: 製表: | F14: 主管:

Sheet 03子本
A1: ="中和郵務股"&'03'!$G$2&'03'!$H$2&"份 本口 快捷郵遞時效表" -> 中和郵務股115年3月份 本口 快捷郵遞時效表
A2: 郵件號碼 | B2: 交寄時間 | C2: 交投時間 | D2: 時數 | E2: 時效
D3: =IF(OR(B3="",C3=""),"",ROUND((IF(C3<1,INT(B3)+C3,C3)-B3)*1440,0)/1440) | E3: =IF(D3="","",IF(D3<0,"打日期",IF(D3*1440<=120,"J+2",IF(D3*1440<=240,"J+4",IF(D3*1440<=360,"J+6",IF(D3*1440<=480,"J+8","8以上"))))))
D4: =IF(OR(B4="",C4=""),"",ROUND((IF(C4<1,INT(B4)+C4,C4)-B4)*1440,0)/1440) | E4: =IF(D4="","",IF(D4<0,"打日期",IF(D4*1440<=120,"J+2",IF(D4*1440<=240,"J+4",IF(D4*1440<=360,"J+6",IF(D4*1440<=480,"J+8","8以上"))))))
D5: =IF(OR(B5="",C5=""),"",ROUND((IF(C5<1,INT(B5)+C5,C5)-B5)*1440,0)/1440) | E5: =IF(D5="","",IF(D5<0,"打日期",IF(D5*1440<=120,"J+2",IF(D5*1440<=240,"J+4",IF(D5*1440<=360,"J+6",IF(D5*1440<=480,"J+8","8以上"))))))
D6: =IF(OR(B6="",C6=""),"",ROUND((IF(C6<1,INT(B6)+C6,C6)-B6)*1440,0)/1440) | E6: =IF(D6="","",IF(D6<0,"打日期",IF(D6*1440<=120,"J+2",IF(D6*1440<=240,"J+4",IF(D6*1440<=360,"J+6",IF(D6*1440<=480,"J+8","8以上"))))))
D7: =IF(OR(B7="",C7=""),"",ROUND((IF(C7<1,INT(B7)+C7,C7)-B7)*1440,0)/1440) | E7: =IF(D7="","",IF(D7<0,"打日期",IF(D7*1440<=120,"J+2",IF(D7*1440<=240,"J+4",IF(D7*1440<=360,"J+6",IF(D7*1440<=480,"J+8","8以上"))))))
D8: =IF(OR(B8="",C8=""),"",ROUND((IF(C8<1,INT(B8)+C8,C8)-B8)*1440,0)/1440) | E8: =IF(D8="","",IF(D8<0,"打日期",IF(D8*1440<=120,"J+2",IF(D8*1440<=240,"J+4",IF(D8*1440<=360,"J+6",IF(D8*1440<=480,"J+8","8以上"))))))
D9: =IF(OR(B9="",C9=""),"",ROUND((IF(C9<1,INT(B9)+C9,C9)-B9)*1440,0)/1440) | E9: =IF(D9="","",IF(D9<0,"打日期",IF(D9*1440<=120,"J+2",IF(D9*1440<=240,"J+4",IF(D9*1440<=360,"J+6",IF(D9*1440<=480,"J+8","8以上"))))))
D10: =IF(OR(B10="",C10=""),"",ROUND((IF(C10<1,INT(B10)+C10,C10)-B10)*1440,0)/1440) | E10: =IF(D10="","",IF(D10<0,"打日期",IF(D10*1440<=120,"J+2",IF(D10*1440<=240,"J+4",IF(D10*1440<=360,"J+6",IF(D10*1440<=480,"J+8","8以上"))))))
D11: =IF(OR(B11="",C11=""),"",ROUND((IF(C11<1,INT(B11)+C11,C11)-B11)*1440,0)/1440) | E11: =IF(D11="","",IF(D11<0,"打日期",IF(D11*1440<=120,"J+2",IF(D11*1440<=240,"J+4",IF(D11*1440<=360,"J+6",IF(D11*1440<=480,"J+8","8以上"))))))
D12: =IF(OR(B12="",C12=""),"",ROUND((IF(C12<1,INT(B12)+C12,C12)-B12)*1440,0)/1440) | E12: =IF(D12="","",IF(D12<0,"打日期",IF(D12*1440<=120,"J+2",IF(D12*1440<=240,"J+4",IF(D12*1440<=360,"J+6",IF(D12*1440<=480,"J+8","8以上"))))))
D13: =IF(OR(B13="",C13=""),"",ROUND((IF(C13<1,INT(B13)+C13,C13)-B13)*1440,0)/1440) | E13: =IF(D13="","",IF(D13<0,"打日期",IF(D13*1440<=120,"J+2",IF(D13*1440<=240,"J+4",IF(D13*1440<=360,"J+6",IF(D13*1440<=480,"J+8","8以上"))))))
D14: =IF(OR(B14="",C14=""),"",ROUND((IF(C14<1,INT(B14)+C14,C14)-B14)*1440,0)/1440) | E14: =IF(D14="","",IF(D14<0,"打日期",IF(D14*1440<=120,"J+2",IF(D14*1440<=240,"J+4",IF(D14*1440<=360,"J+6",IF(D14*1440<=480,"J+8","8以上"))))))
... D17: =IF(OR(B17="",C17=""),"",ROUND((IF(C17<1,INT(B17)+C17,C17)-B17)*1440,0)/1440) | E17: =IF(D17="","",IF(D17<0,"打日期",IF(D17*1440<=120,"J+2",IF(D17*1440<=240,"J+4",IF(D17*1440<=360,"J+6",IF(D17*1440<=480,"J+8","8以上"))))))
A18: 本地互寄:( 15時前交寄之郵件) 板橋市22071~81、92
A20: 製表: | C20: 主管:
A21: ="中和郵務股"&'03'!$G$2&'03'!$H$2&"份 十大都會區 快捷郵遞時效表" -> 中和郵務股115年3月份 十大都會區 快捷郵遞時效表
A22: 郵件號碼 | B22: 交寄時間 | C22: 交投時間 | D22: 時數 | E22: 時效
D23: =IF(OR(B23="",C23=""),"",ROUND((IF(C23<1,INT(B23)+C23,C23)-B23)*1440,0)/1440) | E23: =IF(D23="","",IF(D23<0,"打日期",IF(D23*1440<=120,"J+2",IF(D23*1440<=240,"J+4",IF(D23*1440<=360,"J+6",IF(D23*1440<=480,"J+8","8以上"))))))
D24: =IF(OR(B24="",C24=""),"",ROUND((IF(C24<1,INT(B24)+C24,C24)-B24)*1440,0)/1440) | E24: =IF(D24="","",IF(D24<0,"打日期",IF(D24*1440<=120,"J+2",IF(D24*1440<=240,"J+4",IF(D24*1440<=360,"J+6",IF(D24*1440<=480,"J+8","8以上"))))))
D25: =IF(OR(B25="",C25=""),"",ROUND((IF(C25<1,INT(B25)+C25,C25)-B25)*1440,0)/1440) | E25: =IF(D25="","",IF(D25<0,"打日期",IF(D25*1440<=120,"J+2",IF(D25*1440<=240,"J+4",IF(D25*1440<=360,"J+6",IF(D25*1440<=480,"J+8","8以上"))))))
D26: =IF(OR(B26="",C26=""),"",ROUND((IF(C26<1,INT(B26)+C26,C26)-B26)*1440,0)/1440) | E26: =IF(D26="","",IF(D26<0,"打日期",IF(D26*1440<=120,"J+2",IF(D26*1440<=240,"J+4",IF(D26*1440<=360,"J+6",IF(D26*1440<=480,"J+8","8以上"))))))
D27: =IF(OR(B27="",C27=""),"",ROUND((IF(C27<1,INT(B27)+C27,C27)-B27)*1440,0)/1440) | E27: =IF(D27="","",IF(D27<0,"打日期",IF(D27*1440<=120,"J+2",IF(D27*1440<=240,"J+4",IF(D27*1440<=360,"J+6",IF(D27*1440<=480,"J+8","8以上"))))))
D28: =IF(OR(B28="",C28=""),"",ROUND((IF(C28<1,INT(B28)+C28,C28)-B28)*1440,0)/1440) | E28: =IF(D28="","",IF(D28<0,"打日期",IF(D28*1440<=120,"J+2",IF(D28*1440<=240,"J+4",IF(D28*1440<=360,"J+6",IF(D28*1440<=480,"J+8","8以上"))))))
D29: =IF(OR(B29="",C29=""),"",ROUND((IF(C29<1,INT(B29)+C29,C29)-B29)*1440,0)/1440) | E29: =IF(D29="","",IF(D29<0,"打日期",IF(D29*1440<=120,"J+2",IF(D29*1440<=240,"J+4",IF(D29*1440<=360,"J+6",IF(D29*1440<=480,"J+8","8以上"))))))
D30: =IF(OR(B30="",C30=""),"",ROUND((IF(C30<1,INT(B30)+C30,C30)-B30)*1440,0)/1440) | E30: =IF(D30="","",IF(D30<0,"打日期",IF(D30*1440<=120,"J+2",IF(D30*1440<=240,"J+4",IF(D30*1440<=360,"J+6",IF(D30*1440<=480,"J+8","8以上"))))))
D31: =IF(OR(B31="",C31=""),"",ROUND((IF(C31<1,INT(B31)+C31,C31)-B31)*1440,0)/1440) | E31: =IF(D31="","",IF(D31<0,"打日期",IF(D31*1440<=120,"J+2",IF(D31*1440<=240,"J+4",IF(D31*1440<=360,"J+6",IF(D31*1440<=480,"J+8","8以上"))))))
D32: =IF(OR(B32="",C32=""),"",ROUND((IF(C32<1,INT(B32)+C32,C32)-B32)*1440,0)/1440) | E32: =IF(D32="","",IF(D32<0,"打日期",IF(D32*1440<=120,"J+2",IF(D32*1440<=240,"J+4",IF(D32*1440<=360,"J+6",IF(D32*1440<=480,"J+8","8以上"))))))
D33: =IF(OR(B33="",C33=""),"",ROUND((IF(C33<1,INT(B33)+C33,C33)-B33)*1440,0)/1440) | E33: =IF(D33="","",IF(D33<0,"打日期",IF(D33*1440<=120,"J+2",IF(D33*1440<=240,"J+4",IF(D33*1440<=360,"J+6",IF(D33*1440<=480,"J+8","8以上"))))))
D34: =IF(OR(B34="",C34=""),"",ROUND((IF(C34<1,INT(B34)+C34,C34)-B34)*1440,0)/1440) | E34: =IF(D34="","",IF(D34<0,"打日期",IF(D34*1440<=120,"J+2",IF(D34*1440<=240,"J+4",IF(D34*1440<=360,"J+6",IF(D34*1440<=480,"J+8","8以上"))))))
... D37: =IF(OR(B37="",C37=""),"",ROUND((IF(C37<1,INT(B37)+C37,C37)-B37)*1440,0)/1440) | E37: =IF(D37="","",IF(D37<0,"打日期",IF(D37*1440<=120,"J+2",IF(D37*1440<=240,"J+4",IF(D37*1440<=360,"J+6",IF(D37*1440<=480,"J+8","8以上"))))))
A38: 十大都市:( 11時前交寄之郵件) 台北市(100-110)、基隆市(200~206)、桃園市(330)、中壢市(含平鎮，320、324)、台中市(400-408)、彰化市(500)、嘉義市(600)、台南市(700-709)、高雄市(800-804、806、807)互寄者。
A40: 製表: | C40: 主管:
A41: ="中和郵務股"&'03'!$G$2&'03'!$H$2&"份 區域內互寄 快捷郵遞時效表" -> 中和郵務股115年3月份 區域內互寄 快捷郵遞時效表
A42: 郵件號碼 | B42: 交寄時間 | C42: 交投時間 | D42: 時數 | E42: 時效
D43: =IF(OR(B43="",C43=""),"",ROUND((IF(C43<1,INT(B43)+C43,C43)-B43)*1440,0)/1440) | E43: =IF(D43="","",IF(D43<0,"打日期",IF(D43*1440<=120,"J+2",IF(D43*1440<=240,"J+4",IF(D43*1440<=360,"J+6",IF(D43*1440<=480,"J+8","8以上"))))))
D44: =IF(OR(B44="",C44=""),"",ROUND((IF(C44<1,INT(B44)+C44,C44)-B44)*1440,0)/1440) | E44: =IF(D44="","",IF(D44<0,"打日期",IF(D44*1440<=120,"J+2",IF(D44*1440<=240,"J+4",IF(D44*1440<=360,"J+6",IF(D44*1440<=480,"J+8","8以上"))))))
D45: =IF(OR(B45="",C45=""),"",ROUND((IF(C45<1,INT(B45)+C45,C45)-B45)*1440,0)/1440) | E45: =IF(D45="","",IF(D45<0,"打日期",IF(D45*1440<=120,"J+2",IF(D45*1440<=240,"J+4",IF(D45*1440<=360,"J+6",IF(D45*1440<=480,"J+8","8以上"))))))
D46: =IF(OR(B46="",C46=""),"",ROUND((IF(C46<1,INT(B46)+C46,C46)-B46)*1440,0)/1440) | E46: =IF(D46="","",IF(D46<0,"打日期",IF(D46*1440<=120,"J+2",IF(D46*1440<=240,"J+4",IF(D46*1440<=360,"J+6",IF(D46*1440<=480,"J+8","8以上"))))))
D47: =IF(OR(B47="",C47=""),"",ROUND((IF(C47<1,INT(B47)+C47,C47)-B47)*1440,0)/1440) | E47: =IF(D47="","",IF(D47<0,"打日期",IF(D47*1440<=120,"J+2",IF(D47*1440<=240,"J+4",IF(D47*1440<=360,"J+6",IF(D47*1440<=480,"J+8","8以上"))))))
D48: =IF(OR(B48="",C48=""),"",ROUND((IF(C48<1,INT(B48)+C48,C48)-B48)*1440,0)/1440) | E48: =IF(D48="","",IF(D48<0,"打日期",IF(D48*1440<=120,"J+2",IF(D48*1440<=240,"J+4",IF(D48*1440<=360,"J+6",IF(D48*1440<=480,"J+8","8以上"))))))
D49: =IF(OR(B49="",C49=""),"",ROUND((IF(C49<1,INT(B49)+C49,C49)-B49)*1440,0)/1440) | E49: =IF(D49="","",IF(D49<0,"打日期",IF(D49*1440<=120,"J+2",IF(D49*1440<=240,"J+4",IF(D49*1440<=360,"J+6",IF(D49*1440<=480,"J+8","8以上"))))))
D50: =IF(OR(B50="",C50=""),"",ROUND((IF(C50<1,INT(B50)+C50,C50)-B50)*1440,0)/1440) | E50: =IF(D50="","",IF(D50<0,"打日期",IF(D50*1440<=120,"J+2",IF(D50*1440<=240,"J+4",IF(D50*1440<=360,"J+6",IF(D50*1440<=480,"J+8","8以上"))))))
D51: =IF(OR(B51="",C51=""),"",ROUND((IF(C51<1,INT(B51)+C51,C51)-B51)*1440,0)/1440) | E51: =IF(D51="","",IF(D51<0,"打日期",IF(D51*1440<=120,"J+2",IF(D51*1440<=240,"J+4",IF(D51*1440<=360,"J+6",IF(D51*1440<=480,"J+8","8以上"))))))
D52: =IF(OR(B52="",C52=""),"",ROUND((IF(C52<1,INT(B52)+C52,C52)-B52)*1440,0)/1440) | E52: =IF(D52="","",IF(D52<0,"打日期",IF(D52*1440<=120,"J+2",IF(D52*1440<=240,"J+4",IF(D52*1440<=360,"J+6",IF(D52*1440<=480,"J+8","8以上"))))))
D53: =IF(OR(B53="",C53=""),"",ROUND((IF(C53<1,INT(B53)+C53,C53)-B53)*1440,0)/1440) | E53: =IF(D53="","",IF(D53<0,"打日期",IF(D53*1440<=120,"J+2",IF(D53*1440<=240,"J+4",IF(D53*1440<=360,"J+6",IF(D53*1440<=480,"J+8","8以上"))))))
D54: =IF(OR(B54="",C54=""),"",ROUND((IF(C54<1,INT(B54)+C54,C54)-B54)*1440,0)/1440) | E54: =IF(D54="","",IF(D54<0,"打日期",IF(D54*1440<=120,"J+2",IF(D54*1440<=240,"J+4",IF(D54*1440<=360,"J+6",IF(D54*1440<=480,"J+8","8以上"))))))
... D57: =IF(OR(B57="",C57=""),"",ROUND((IF(C57<1,INT(B57)+C57,C57)-B57)*1440,0)/1440) | E57: =IF(D57="","",IF(D57<0,"打日期",IF(D57*1440<=120,"J+2",IF(D57*1440<=240,"J+4",IF(D57*1440<=360,"J+6",IF(D57*1440<=480,"J+8","8以上"))))))
A58: 區域互寄:( 13時前交寄之郵件) 220、241、360、420
A60: 製表: | C60: 主管:
A61: ="中和郵務股"&'03'!$G$2&'03'!$H$2&"份 轉口 快捷郵遞時效表" -> 中和郵務股115年3月份 轉口 快捷郵遞時效表
A62: 郵件號碼 | B62: 交寄時間 | C62: 交投時間 | D62: 時數 | E62: 時效
D63: =IF(OR(B63="",C63=""),"",ROUND((IF(C63<1,INT(B63)+C63,C63)-B63)*1440,0)/1440) | E63: =IF(D63="","",IF(D63<0,"打日期",IF(D63*1440<=120,"J+2",IF(D63*1440<=240,"J+4",IF(D63*1440<=360,"J+6",IF(D63*1440<=480,"J+8","8以上"))))))
D64: =IF(OR(B64="",C64=""),"",ROUND((IF(C64<1,INT(B64)+C64,C64)-B64)*1440,0)/1440) | E64: =IF(D64="","",IF(D64<0,"打日期",IF(D64*1440<=120,"J+2",IF(D64*1440<=240,"J+4",IF(D64*1440<=360,"J+6",IF(D64*1440<=480,"J+8","8以上"))))))
D65: =IF(OR(B65="",C65=""),"",ROUND((IF(C65<1,INT(B65)+C65,C65)-B65)*1440,0)/1440) | E65: =IF(D65="","",IF(D65<0,"打日期",IF(D65*1440<=120,"J+2",IF(D65*1440<=240,"J+4",IF(D65*1440<=360,"J+6",IF(D65*1440<=480,"J+8","8以上"))))))
D66: =IF(OR(B66="",C66=""),"",ROUND((IF(C66<1,INT(B66)+C66,C66)-B66)*1440,0)/1440) | E66: =IF(D66="","",IF(D66<0,"打日期",IF(D66*1440<=120,"J+2",IF(D66*1440<=240,"J+4",IF(D66*1440<=360,"J+6",IF(D66*1440<=480,"J+8","8以上"))))))
D67: =IF(OR(B67="",C67=""),"",ROUND((IF(C67<1,INT(B67)+C67,C67)-B67)*1440,0)/1440) | E67: =IF(D67="","",IF(D67<0,"打日期",IF(D67*1440<=120,"J+2",IF(D67*1440<=240,"J+4",IF(D67*1440<=360,"J+6",IF(D67*1440<=480,"J+8","8以上"))))))
D68: =IF(OR(B68="",C68=""),"",ROUND((IF(C68<1,INT(B68)+C68,C68)-B68)*1440,0)/1440) | E68: =IF(D68="","",IF(D68<0,"打日期",IF(D68*1440<=120,"J+2",IF(D68*1440<=240,"J+4",IF(D68*1440<=360,"J+6",IF(D68*1440<=480,"J+8","8以上"))))))
D69: =IF(OR(B69="",C69=""),"",ROUND((IF(C69<1,INT(B69)+C69,C69)-B69)*1440,0)/1440) | E69: =IF(D69="","",IF(D69<0,"打日期",IF(D69*1440<=120,"J+2",IF(D69*1440<=240,"J+4",IF(D69*1440<=360,"J+6",IF(D69*1440<=480,"J+8","8以上"))))))
D70: =IF(OR(B70="",C70=""),"",ROUND((IF(C70<1,INT(B70)+C70,C70)-B70)*1440,0)/1440) | E70: =IF(D70="","",IF(D70<0,"打日期",IF(D70*1440<=120,"J+2",IF(D70*1440<=240,"J+4",IF(D70*1440<=360,"J+6",IF(D70*1440<=480,"J+8","8以上"))))))
D71: =IF(OR(B71="",C71=""),"",ROUND((IF(C71<1,INT(B71)+C71,C71)-B71)*1440,0)/1440) | E71: =IF(D71="","",IF(D71<0,"打日期",IF(D71*1440<=120,"J+2",IF(D71*1440<=240,"J+4",IF(D71*1440<=360,"J+6",IF(D71*1440<=480,"J+8","8以上"))))))
D72: =IF(OR(B72="",C72=""),"",ROUND((IF(C72<1,INT(B72)+C72,C72)-B72)*1440,0)/1440) | E72: =IF(D72="","",IF(D72<0,"打日期",IF(D72*1440<=120,"J+2",IF(D72*1440<=240,"J+4",IF(D72*1440<=360,"J+6",IF(D72*1440<=480,"J+8","8以上"))))))
D73: =IF(OR(B73="",C73=""),"",ROUND((IF(C73<1,INT(B73)+C73,C73)-B73)*1440,0)/1440) | E73: =IF(D73="","",IF(D73<0,"打日期",IF(D73*1440<=120,"J+2",IF(D73*1440<=240,"J+4",IF(D73*1440<=360,"J+6",IF(D73*1440<=480,"J+8","8以上"))))))
D74: =IF(OR(B74="",C74=""),"",ROUND((IF(C74<1,INT(B74)+C74,C74)-B74)*1440,0)/1440) | E74: =IF(D74="","",IF(D74<0,"打日期",IF(D74*1440<=120,"J+2",IF(D74*1440<=240,"J+4",IF(D74*1440<=360,"J+6",IF(D74*1440<=480,"J+8","8以上"))))))
... D77: =IF(OR(B77="",C77=""),"",ROUND((IF(C77<1,INT(B77)+C77,C77)-B77)*1440,0)/1440) | E77: =IF(D77="","",IF(D77<0,"打日期",IF(D77*1440<=120,"J+2",IF(D77*1440<=240,"J+4",IF(D77*1440<=360,"J+6",IF(D77*1440<=480,"J+8","8以上"))))))
A78: 十大都市:( 11時前交寄之郵件) 台北市(100-110)、板橋市(220)、桃園市(330)、中壢市(含平鎮，320、324)、新竹市(300)、台中市(400-408)、彰化市(500)、嘉義市(600)、台南市(700-709)、高雄市(800-804、806、807)互寄者。
A80: 製表: | C80: 主管:

Sheet 04
A1: 中和郵局 抽測國內快捷情形報告單
G2: ='01'!G2 -> 115年 | H2: 4月
A3: 互寄地區 | C3: 抽測件數 | D3: J+2時 件數 | E3: J+2時 投遞率 | F3: J+4時 件數 | G3: J+4時 投遞率 | H3: J+6時 件數 | I3: J+6時 投遞率 | J3: J+8時 件數 | K3: J+8時 投遞率 | L3: 8時以上 件數 | M3: 8時以上 投遞率 | N3: 符合時效比例 | O3: 平均 (時)數
A4: 本收本投 | C4: =D4+F4+H4+J4+L4 -> 0 | D4: =COUNTIF(04子本!$E$3:$E$17,"J+2") -> 0 | E4: =IF($C4=0,"",D4/$C4) | F4: =COUNTIF(04子本!$E$3:$E$17,"J+4") -> 0 | G4: =IF($C4=0,"",F4/$C4) | H4: =COUNTIF(04子本!$E$3:$E$17,"J+6") -> 0 | I4: =IF($C4=0,"",H4/$C4) | J4: =COUNTIF(04子本!$E$3:$E$17,"J+8") -> 0 | K4: =IF($C4=0,"",J4/$C4) | L4: =COUNTIF(04子本!$E$3:$E$17,"8以上") -> 0 | M4: =IF($C4=0,"",L4/$C4) | N4: 1 | O4: =IF($C4=0,"",(D4*2+F4*4+H4*6+J4*8+L4*8)/$C4)
A5: 主要都市間互寄 | C5: =D5+F5+H5+J5+L5 -> 0 | D5: =COUNTIF(04子本!$E$23:$E$37,"J+2") -> 0 | E5: =IF($C5=0,"",D5/$C5) | F5: =COUNTIF(04子本!$E$23:$E$37,"J+4") -> 0 | G5: =IF($C5=0,"",F5/$C5) | H5: =COUNTIF(04子本!$E$23:$E$37,"J+6") -> 0 | I5: =IF($C5=0,"",H5/$C5) | J5: =COUNTIF(04子本!$E$23:$E$37,"J+8") -> 0 | K5: =IF($C5=0,"",J5/$C5) | L5: =COUNTIF(04子本!$E$23:$E$37,"8以上") -> 0 | M5: =IF($C5=0,"",L5/$C5) | N5: 1 | O5: =IF($C5=0,"",(D5*2+F5*4+H5*6+J5*8+L5*8)/$C5)
A6: 區域內互寄 (北北基、台中、高雄、中彰投地區) | C6: =D6+F6+H6+J6+L6 -> 0 | D6: =COUNTIF(04子本!$E$43:$E$57,"J+2") -> 0 | E6: =IF($C6=0,"",D6/$C6) | F6: =COUNTIF(04子本!$E$43:$E$57,"J+4") -> 0 | G6: =IF($C6=0,"",F6/$C6) | H6: =COUNTIF(04子本!$E$43:$E$57,"J+6") -> 0 | I6: =IF($C6=0,"",H6/$C6) | J6: =COUNTIF(04子本!$E$43:$E$57,"J+8") -> 0 | K6: =IF($C6=0,"",J6/$C6) | L6: =COUNTIF(04子本!$E$43:$E$57,"8以上") -> 0 | M6: =IF($C6=0,"",L6/$C6) | N6: 1 | O6: =IF($C6=0,"",(D6*2+F6*4+H6*6+J6*8+L6*8)/$C6)
A7: 其他轉口 | C7: =D7+F7+H7+J7+L7 -> 0 | D7: =COUNTIF(04子本!$E$63:$E$77,"J+2") -> 0 | E7: =IF($C7=0,"",D7/$C7) | F7: =COUNTIF(04子本!$E$63:$E$77,"J+4") -> 0 | G7: =IF($C7=0,"",F7/$C7) | H7: =COUNTIF(04子本!$E$63:$E$77,"J+6") -> 0 | I7: =IF($C7=0,"",H7/$C7) | J7: =COUNTIF(04子本!$E$63:$E$77,"J+8") -> 0 | K7: =IF($C7=0,"",J7/$C7) | L7: =COUNTIF(04子本!$E$63:$E$77,"8以上") -> 0 | M7: =IF($C7=0,"",L7/$C7) | N7: 1 | O7: =IF($C7=0,"",(D7*2+F7*4+H7*6+J7*8+L7*8)/$C7)
A8: 說明：
A9: 1 | B9: 為瞭解國內快捷郵件寄遞時效，各局快捷單位應透過MQ或本公司全球資訊網查詢系統抽測「本收本投」、「主要都市互寄」、「區域內互寄」、「其他轉口」4類，每月至少各10件（抽查紀錄列印或記錄郵件號碼留局備查，保存1年），抽測結果於次月5日前寄管轄郵局郵務科彙整，於8日前上傳主機。
A10: 2 | B10: 抽測樣本：本收本投以15時前交寄、主要都市互寄11時前交寄、區域間互寄13時前交寄之郵件抽測為主。
A11: 3 | B11: 寄遞時效：自「交寄郵件」到「郵件投遞中」之處理狀態時間計算，四小時以內者填「ｊ＋4時」欄；逾四小時不逾六小時者填「ｊ＋6時」欄，餘類推。抽測結果有不符合時效標準者，請將相關地名列出，並檢討改善。
A12: 4 | B12: 十大都市互寄係指台北市(100-110)、板橋市(220)、桃園市(330)、中壢市(含平鎮，320、324)、新竹市(300)、台中市(400-408)、彰化市(500)、嘉義市(600)、台南市(700-709)、高雄市(800-804、806、807)互寄者。該欄位僅由該十大都市互寄局就相關之郵件抽測情形填註。
A13: 5 | B13: 平均(時)數：((J+2小時投遞率)*2+(J+4小時投遞率)*4+(J+6小時投遞率)*6+(J+8小時投遞率)*8+(J+8小時以上投遞率)*8)/100。
B14: 製表: | F14: 主管:

Sheet 04子本
A1: ="中和郵務股"&'04'!$G$2&'04'!$H$2&"份 本口 快捷郵遞時效表" -> 中和郵務股115年4月份 本口 快捷郵遞時效表
A2: 郵件號碼 | B2: 交寄時間 | C2: 交投時間 | D2: 時數 | E2: 時效
D3: =IF(OR(B3="",C3=""),"",ROUND((IF(C3<1,INT(B3)+C3,C3)-B3)*1440,0)/1440) | E3: =IF(D3="","",IF(D3<0,"打日期",IF(D3*1440<=120,"J+2",IF(D3*1440<=240,"J+4",IF(D3*1440<=360,"J+6",IF(D3*1440<=480,"J+8","8以上"))))))
D4: =IF(OR(B4="",C4=""),"",ROUND((IF(C4<1,INT(B4)+C4,C4)-B4)*1440,0)/1440) | E4: =IF(D4="","",IF(D4<0,"打日期",IF(D4*1440<=120,"J+2",IF(D4*1440<=240,"J+4",IF(D4*1440<=360,"J+6",IF(D4*1440<=480,"J+8","8以上"))))))
D5: =IF(OR(B5="",C5=""),"",ROUND((IF(C5<1,INT(B5)+C5,C5)-B5)*1440,0)/1440) | E5: =IF(D5="","",IF(D5<0,"打日期",IF(D5*1440<=120,"J+2",IF(D5*1440<=240,"J+4",IF(D5*1440<=360,"J+6",IF(D5*1440<=480,"J+8","8以上"))))))
D6: =IF(OR(B6="",C6=""),"",ROUND((IF(C6<1,INT(B6)+C6,C6)-B6)*1440,0)/1440) | E6: =IF(D6="","",IF(D6<0,"打日期",IF(D6*1440<=120,"J+2",IF(D6*1440<=240,"J+4",IF(D6*1440<=360,"J+6",IF(D6*1440<=480,"J+8","8以上"))))))
D7: =IF(OR(B7="",C7=""),"",ROUND((IF(C7<1,INT(B7)+C7,C7)-B7)*1440,0)/1440) | E7: =IF(D7="","",IF(D7<0,"打日期",IF(D7*1440<=120,"J+2",IF(D7*1440<=240,"J+4",IF(D7*1440<=360,"J+6",IF(D7*1440<=480,"J+8","8以上"))))))
D8: =IF(OR(B8="",C8=""),"",ROUND((IF(C8<1,INT(B8)+C8,C8)-B8)*1440,0)/1440) | E8: =IF(D8="","",IF(D8<0,"打日期",IF(D8*1440<=120,"J+2",IF(D8*1440<=240,"J+4",IF(D8*1440<=360,"J+6",IF(D8*1440<=480,"J+8","8以上"))))))
D9: =IF(OR(B9="",C9=""),"",ROUND((IF(C9<1,INT(B9)+C9,C9)-B9)*1440,0)/1440) | E9: =IF(D9="","",IF(D9<0,"打日期",IF(D9*1440<=120,"J+2",IF(D9*1440<=240,"J+4",IF(D9*1440<=360,"J+6",IF(D9*1440<=480,"J+8","8以上"))))))
D10: =IF(OR(B10="",C10=""),"",ROUND((IF(C10<1,INT(B10)+C10,C10)-B10)*1440,0)/1440) | E10: =IF(D10="","",IF(D10<0,"打日期",IF(D10*1440<=120,"J+2",IF(D10*1440<=240,"J+4",IF(D10*1440<=360,"J+6",IF(D10*1440<=480,"J+8","8以上"))))))
D11: =IF(OR(B11="",C11=""),"",ROUND((IF(C11<1,INT(B11)+C11,C11)-B11)*1440,0)/1440) | E11: =IF(D11="","",IF(D11<0,"打日期",IF(D11*1440<=120,"J+2",IF(D11*1440<=240,"J+4",IF(D11*1440<=360,"J+6",IF(D11*1440<=480,"J+8","8以上"))))))
D12: =IF(OR(B12="",C12=""),"",ROUND((IF(C12<1,INT(B12)+C12,C12)-B12)*1440,0)/1440) | E12: =IF(D12="","",IF(D12<0,"打日期",IF(D12*1440<=120,"J+2",IF(D12*1440<=240,"J+4",IF(D12*1440<=360,"J+6",IF(D12*1440<=480,"J+8","8以上"))))))
D13: =IF(OR(B13="",C13=""),"",ROUND((IF(C13<1,INT(B13)+C13,C13)-B13)*1440,0)/1440) | E13: =IF(D13="","",IF(D13<0,"打日期",IF(D13*1440<=120,"J+2",IF(D13*1440<=240,"J+4",IF(D13*1440<=360,"J+6",IF(D13*1440<=480,"J+8","8以上"))))))
D14: =IF(OR(B14="",C14=""),"",ROUND((IF(C14<1,INT(B14)+C14,C14)-B14)*1440,0)/1440) | E14: =IF(D14="","",IF(D14<0,"打日期",IF(D14*1440<=120,"J+2",IF(D14*1440<=240,"J+4",IF(D14*1440<=360,"J+6",IF(D14*1440<=480,"J+8","8以上"))))))
... D17: =IF(OR(B17="",C17=""),"",ROUND((IF(C17<1,INT(B17)+C17,C17)-B17)*1440,0)/1440) | E17: =IF(D17="","",IF(D17<0,"打日期",IF(D17*1440<=120,"J+2",IF(D17*1440<=240,"J+4",IF(D17*1440<=360,"J+6",IF(D17*1440<=480,"J+8","8以上"))))))
A18: 本地互寄:( 15時前交寄之郵件) 板橋市22071~81、92
A20: 製表: | C20: 主管:
A21: ="中和郵務股"&'04'!$G$2&'04'!$H$2&"份 十大都會區 快捷郵遞時效表" -> 中和郵務股115年4月份 十大都會區 快捷郵遞時效表
A22: 郵件號碼 | B22: 交寄時間 | C22: 交投時間 | D22: 時數 | E22: 時效
D23: =IF(OR(B23="",C23=""),"",ROUND((IF(C23<1,INT(B23)+C23,C23)-B23)*1440,0)/1440) | E23: =IF(D23="","",IF(D23<0,"打日期",IF(D23*1440<=120,"J+2",IF(D23*1440<=240,"J+4",IF(D23*1440<=360,"J+6",IF(D23*1440<=480,"J+8","8以上"))))))
D24: =IF(OR(B24="",C24=""),"",ROUND((IF(C24<1,INT(B24)+C24,C24)-B24)*1440,0)/1440) | E24: =IF(D24="","",IF(D24<0,"打日期",IF(D24*1440<=120,"J+2",IF(D24*1440<=240,"J+4",IF(D24*1440<=360,"J+6",IF(D24*1440<=480,"J+8","8以上"))))))
D25: =IF(OR(B25="",C25=""),"",ROUND((IF(C25<1,INT(B25)+C25,C25)-B25)*1440,0)/1440) | E25: =IF(D25="","",IF(D25<0,"打日期",IF(D25*1440<=120,"J+2",IF(D25*1440<=240,"J+4",IF(D25*1440<=360,"J+6",IF(D25*1440<=480,"J+8","8以上"))))))
D26: =IF(OR(B26="",C26=""),"",ROUND((IF(C26<1,INT(B26)+C26,C26)-B26)*1440,0)/1440) | E26: =IF(D26="","",IF(D26<0,"打日期",IF(D26*1440<=120,"J+2",IF(D26*1440<=240,"J+4",IF(D26*1440<=360,"J+6",IF(D26*1440<=480,"J+8","8以上"))))))
D27: =IF(OR(B27="",C27=""),"",ROUND((IF(C27<1,INT(B27)+C27,C27)-B27)*1440,0)/1440) | E27: =IF(D27="","",IF(D27<0,"打日期",IF(D27*1440<=120,"J+2",IF(D27*1440<=240,"J+4",IF(D27*1440<=360,"J+6",IF(D27*1440<=480,"J+8","8以上"))))))
D28: =IF(OR(B28="",C28=""),"",ROUND((IF(C28<1,INT(B28)+C28,C28)-B28)*1440,0)/1440) | E28: =IF(D28="","",IF(D28<0,"打日期",IF(D28*1440<=120,"J+2",IF(D28*1440<=240,"J+4",IF(D28*1440<=360,"J+6",IF(D28*1440<=480,"J+8","8以上"))))))
D29: =IF(OR(B29="",C29=""),"",ROUND((IF(C29<1,INT(B29)+C29,C29)-B29)*1440,0)/1440) | E29: =IF(D29="","",IF(D29<0,"打日期",IF(D29*1440<=120,"J+2",IF(D29*1440<=240,"J+4",IF(D29*1440<=360,"J+6",IF(D29*1440<=480,"J+8","8以上"))))))
D30: =IF(OR(B30="",C30=""),"",ROUND((IF(C30<1,INT(B30)+C30,C30)-B30)*1440,0)/1440) | E30: =IF(D30="","",IF(D30<0,"打日期",IF(D30*1440<=120,"J+2",IF(D30*1440<=240,"J+4",IF(D30*1440<=360,"J+6",IF(D30*1440<=480,"J+8","8以上"))))))
D31: =IF(OR(B31="",C31=""),"",ROUND((IF(C31<1,INT(B31)+C31,C31)-B31)*1440,0)/1440) | E31: =IF(D31="","",IF(D31<0,"打日期",IF(D31*1440<=120,"J+2",IF(D31*1440<=240,"J+4",IF(D31*1440<=360,"J+6",IF(D31*1440<=480,"J+8","8以上"))))))
D32: =IF(OR(B32="",C32=""),"",ROUND((IF(C32<1,INT(B32)+C32,C32)-B32)*1440,0)/1440) | E32: =IF(D32="","",IF(D32<0,"打日期",IF(D32*1440<=120,"J+2",IF(D32*1440<=240,"J+4",IF(D32*1440<=360,"J+6",IF(D32*1440<=480,"J+8","8以上"))))))
D33: =IF(OR(B33="",C33=""),"",ROUND((IF(C33<1,INT(B33)+C33,C33)-B33)*1440,0)/1440) | E33: =IF(D33="","",IF(D33<0,"打日期",IF(D33*1440<=120,"J+2",IF(D33*1440<=240,"J+4",IF(D33*1440<=360,"J+6",IF(D33*1440<=480,"J+8","8以上"))))))
D34: =IF(OR(B34="",C34=""),"",ROUND((IF(C34<1,INT(B34)+C34,C34)-B34)*1440,0)/1440) | E34: =IF(D34="","",IF(D34<0,"打日期",IF(D34*1440<=120,"J+2",IF(D34*1440<=240,"J+4",IF(D34*1440<=360,"J+6",IF(D34*1440<=480,"J+8","8以上"))))))
... D37: =IF(OR(B37="",C37=""),"",ROUND((IF(C37<1,INT(B37)+C37,C37)-B37)*1440,0)/1440) | E37: =IF(D37="","",IF(D37<0,"打日期",IF(D37*1440<=120,"J+2",IF(D37*1440<=240,"J+4",IF(D37*1440<=360,"J+6",IF(D37*1440<=480,"J+8","8以上"))))))
A38: 十大都市:( 11時前交寄之郵件) 台北市(100-110)、基隆市(200~206)、桃園市(330)、中壢市(含平鎮，320、324)、台中市(400-408)、彰化市(500)、嘉義市(600)、台南市(700-709)、高雄市(800-804、806、807)互寄者。
A40: 製表: | C40: 主管:
A41: ="中和郵務股"&'04'!$G$2&'04'!$H$2&"份 區域內互寄 快捷郵遞時效表" -> 中和郵務股115年4月份 區域內互寄 快捷郵遞時效表
A42: 郵件號碼 | B42: 交寄時間 | C42: 交投時間 | D42: 時數 | E42: 時效
D43: =IF(OR(B43="",C43=""),"",ROUND((IF(C43<1,INT(B43)+C43,C43)-B43)*1440,0)/1440) | E43: =IF(D43="","",IF(D43<0,"打日期",IF(D43*1440<=120,"J+2",IF(D43*1440<=240,"J+4",IF(D43*1440<=360,"J+6",IF(D43*1440<=480,"J+8","8以上"))))))
D44: =IF(OR(B44="",C44=""),"",ROUND((IF(C44<1,INT(B44)+C44,C44)-B44)*1440,0)/1440) | E44: =IF(D44="","",IF(D44<0,"打日期",IF(D44*1440<=120,"J+2",IF(D44*1440<=240,"J+4",IF(D44*1440<=360,"J+6",IF(D44*1440<=480,"J+8","8以上"))))))
D45: =IF(OR(B45="",C45=""),"",ROUND((IF(C45<1,INT(B45)+C45,C45)-B45)*1440,0)/1440) | E45: =IF(D45="","",IF(D45<0,"打日期",IF(D45*1440<=120,"J+2",IF(D45*1440<=240,"J+4",IF(D45*1440<=360,"J+6",IF(D45*1440<=480,"J+8","8以上"))))))
D46: =IF(OR(B46="",C46=""),"",ROUND((IF(C46<1,INT(B46)+C46,C46)-B46)*1440,0)/1440) | E46: =IF(D46="","",IF(D46<0,"打日期",IF(D46*1440<=120,"J+2",IF(D46*1440<=240,"J+4",IF(D46*1440<=360,"J+6",IF(D46*1440<=480,"J+8","8以上"))))))
D47: =IF(OR(B47="",C47=""),"",ROUND((IF(C47<1,INT(B47)+C47,C47)-B47)*1440,0)/1440) | E47: =IF(D47="","",IF(D47<0,"打日期",IF(D47*1440<=120,"J+2",IF(D47*1440<=240,"J+4",IF(D47*1440<=360,"J+6",IF(D47*1440<=480,"J+8","8以上"))))))
D48: =IF(OR(B48="",C48=""),"",ROUND((IF(C48<1,INT(B48)+C48,C48)-B48)*1440,0)/1440) | E48: =IF(D48="","",IF(D48<0,"打日期",IF(D48*1440<=120,"J+2",IF(D48*1440<=240,"J+4",IF(D48*1440<=360,"J+6",IF(D48*1440<=480,"J+8","8以上"))))))
D49: =IF(OR(B49="",C49=""),"",ROUND((IF(C49<1,INT(B49)+C49,C49)-B49)*1440,0)/1440) | E49: =IF(D49="","",IF(D49<0,"打日期",IF(D49*1440<=120,"J+2",IF(D49*1440<=240,"J+4",IF(D49*1440<=360,"J+6",IF(D49*1440<=480,"J+8","8以上"))))))
D50: =IF(OR(B50="",C50=""),"",ROUND((IF(C50<1,INT(B50)+C50,C50)-B50)*1440,0)/1440) | E50: =IF(D50="","",IF(D50<0,"打日期",IF(D50*1440<=120,"J+2",IF(D50*1440<=240,"J+4",IF(D50*1440<=360,"J+6",IF(D50*1440<=480,"J+8","8以上"))))))
D51: =IF(OR(B51="",C51=""),"",ROUND((IF(C51<1,INT(B51)+C51,C51)-B51)*1440,0)/1440) | E51: =IF(D51="","",IF(D51<0,"打日期",IF(D51*1440<=120,"J+2",IF(D51*1440<=240,"J+4",IF(D51*1440<=360,"J+6",IF(D51*1440<=480,"J+8","8以上"))))))
D52: =IF(OR(B52="",C52=""),"",ROUND((IF(C52<1,INT(B52)+C52,C52)-B52)*1440,0)/1440) | E52: =IF(D52="","",IF(D52<0,"打日期",IF(D52*1440<=120,"J+2",IF(D52*1440<=240,"J+4",IF(D52*1440<=360,"J+6",IF(D52*1440<=480,"J+8","8以上"))))))
D53: =IF(OR(B53="",C53=""),"",ROUND((IF(C53<1,INT(B53)+C53,C53)-B53)*1440,0)/1440) | E53: =IF(D53="","",IF(D53<0,"打日期",IF(D53*1440<=120,"J+2",IF(D53*1440<=240,"J+4",IF(D53*1440<=360,"J+6",IF(D53*1440<=480,"J+8","8以上"))))))
D54: =IF(OR(B54="",C54=""),"",ROUND((IF(C54<1,INT(B54)+C54,C54)-B54)*1440,0)/1440) | E54: =IF(D54="","",IF(D54<0,"打日期",IF(D54*1440<=120,"J+2",IF(D54*1440<=240,"J+4",IF(D54*1440<=360,"J+6",IF(D54*1440<=480,"J+8","8以上"))))))
... D57: =IF(OR(B57="",C57=""),"",ROUND((IF(C57<1,INT(B57)+C57,C57)-B57)*1440,0)/1440) | E57: =IF(D57="","",IF(D57<0,"打日期",IF(D57*1440<=120,"J+2",IF(D57*1440<=240,"J+4",IF(D57*1440<=360,"J+6",IF(D57*1440<=480,"J+8","8以上"))))))
A58: 區域互寄:( 13時前交寄之郵件) 220、241、360、420
A60: 製表: | C60: 主管:
A61: ="中和郵務股"&'04'!$G$2&'04'!$H$2&"份 轉口 快捷郵遞時效表" -> 中和郵務股115年4月份 轉口 快捷郵遞時效表
A62: 郵件號碼 | B62: 交寄時間 | C62: 交投時間 | D62: 時數 | E62: 時效
D63: =IF(OR(B63="",C63=""),"",ROUND((IF(C63<1,INT(B63)+C63,C63)-B63)*1440,0)/1440) | E63: =IF(D63="","",IF(D63<0,"打日期",IF(D63*1440<=120,"J+2",IF(D63*1440<=240,"J+4",IF(D63*1440<=360,"J+6",IF(D63*1440<=480,"J+8","8以上"))))))
D64: =IF(OR(B64="",C64=""),"",ROUND((IF(C64<1,INT(B64)+C64,C64)-B64)*1440,0)/1440) | E64: =IF(D64="","",IF(D64<0,"打日期",IF(D64*1440<=120,"J+2",IF(D64*1440<=240,"J+4",IF(D64*1440<=360,"J+6",IF(D64*1440<=480,"J+8","8以上"))))))
D65: =IF(OR(B65="",C65=""),"",ROUND((IF(C65<1,INT(B65)+C65,C65)-B65)*1440,0)/1440) | E65: =IF(D65="","",IF(D65<0,"打日期",IF(D65*1440<=120,"J+2",IF(D65*1440<=240,"J+4",IF(D65*1440<=360,"J+6",IF(D65*1440<=480,"J+8","8以上"))))))
D66: =IF(OR(B66="",C66=""),"",ROUND((IF(C66<1,INT(B66)+C66,C66)-B66)*1440,0)/1440) | E66: =IF(D66="","",IF(D66<0,"打日期",IF(D66*1440<=120,"J+2",IF(D66*1440<=240,"J+4",IF(D66*1440<=360,"J+6",IF(D66*1440<=480,"J+8","8以上"))))))
D67: =IF(OR(B67="",C67=""),"",ROUND((IF(C67<1,INT(B67)+C67,C67)-B67)*1440,0)/1440) | E67: =IF(D67="","",IF(D67<0,"打日期",IF(D67*1440<=120,"J+2",IF(D67*1440<=240,"J+4",IF(D67*1440<=360,"J+6",IF(D67*1440<=480,"J+8","8以上"))))))
D68: =IF(OR(B68="",C68=""),"",ROUND((IF(C68<1,INT(B68)+C68,C68)-B68)*1440,0)/1440) | E68: =IF(D68="","",IF(D68<0,"打日期",IF(D68*1440<=120,"J+2",IF(D68*1440<=240,"J+4",IF(D68*1440<=360,"J+6",IF(D68*1440<=480,"J+8","8以上"))))))
D69: =IF(OR(B69="",C69=""),"",ROUND((IF(C69<1,INT(B69)+C69,C69)-B69)*1440,0)/1440) | E69: =IF(D69="","",IF(D69<0,"打日期",IF(D69*1440<=120,"J+2",IF(D69*1440<=240,"J+4",IF(D69*1440<=360,"J+6",IF(D69*1440<=480,"J+8","8以上"))))))
D70: =IF(OR(B70="",C70=""),"",ROUND((IF(C70<1,INT(B70)+C70,C70)-B70)*1440,0)/1440) | E70: =IF(D70="","",IF(D70<0,"打日期",IF(D70*1440<=120,"J+2",IF(D70*1440<=240,"J+4",IF(D70*1440<=360,"J+6",IF(D70*1440<=480,"J+8","8以上"))))))
D71: =IF(OR(B71="",C71=""),"",ROUND((IF(C71<1,INT(B71)+C71,C71)-B71)*1440,0)/1440) | E71: =IF(D71="","",IF(D71<0,"打日期",IF(D71*1440<=120,"J+2",IF(D71*1440<=240,"J+4",IF(D71*1440<=360,"J+6",IF(D71*1440<=480,"J+8","8以上"))))))
D72: =IF(OR(B72="",C72=""),"",ROUND((IF(C72<1,INT(B72)+C72,C72)-B72)*1440,0)/1440) | E72: =IF(D72="","",IF(D72<0,"打日期",IF(D72*1440<=120,"J+2",IF(D72*1440<=240,"J+4",IF(D72*1440<=360,"J+6",IF(D72*1440<=480,"J+8","8以上"))))))
D73: =IF(OR(B73="",C73=""),"",ROUND((IF(C73<1,INT(B73)+C73,C73)-B73)*1440,0)/1440) | E73: =IF(D73="","",IF(D73<0,"打日期",IF(D73*1440<=120,"J+2",IF(D73*1440<=240,"J+4",IF(D73*1440<=360,"J+6",IF(D73*1440<=480,"J+8","8以上"))))))
D74: =IF(OR(B74="",C74=""),"",ROUND((IF(C74<1,INT(B74)+C74,C74)-B74)*1440,0)/1440) | E74: =IF(D74="","",IF(D74<0,"打日期",IF(D74*1440<=120,"J+2",IF(D74*1440<=240,"J+4",IF(D74*1440<=360,"J+6",IF(D74*1440<=480,"J+8","8以上"))))))
... D77: =IF(OR(B77="",C77=""),"",ROUND((IF(C77<1,INT(B77)+C77,C77)-B77)*1440,0)/1440) | E77: =IF(D77="","",IF(D77<0,"打日期",IF(D77*1440<=120,"J+2",IF(D77*1440<=240,"J+4",IF(D77*1440<=360,"J+6",IF(D77*1440<=480,"J+8","8以上"))))))
A78: 十大都市:( 11時前交寄之郵件) 台北市(100-110)、板橋市(220)、桃園市(330)、中壢市(含平鎮，320、324)、新竹市(300)、台中市(400-408)、彰化市(500)、嘉義市(600)、台南市(700-709)、高雄市(800-804、806、807)互寄者。
A80: 製表: | C80: 主管:

Sheet 05
A1: 中和郵局 抽測國內快捷情形報告單
G2: ='01'!G2 -> 115年 | H2: 5月
A3: 互寄地區 | C3: 抽測件數 | D3: J+2時 件數 | E3: J+2時 投遞率 | F3: J+4時 件數 | G3: J+4時 投遞率 | H3: J+6時 件數 | I3: J+6時 投遞率 | J3: J+8時 件數 | K3: J+8時 投遞率 | L3: 8時以上 件數 | M3: 8時以上 投遞率 | N3: 符合時效比例 | O3: 平均 (時)數
A4: 本收本投 | C4: =D4+F4+H4+J4+L4 -> 0 | D4: =COUNTIF(05子本!$E$3:$E$17,"J+2") -> 0 | E4: =IF($C4=0,"",D4/$C4) | F4: =COUNTIF(05子本!$E$3:$E$17,"J+4") -> 0 | G4: =IF($C4=0,"",F4/$C4) | H4: =COUNTIF(05子本!$E$3:$E$17,"J+6") -> 0 | I4: =IF($C4=0,"",H4/$C4) | J4: =COUNTIF(05子本!$E$3:$E$17,"J+8") -> 0 | K4: =IF($C4=0,"",J4/$C4) | L4: =COUNTIF(05子本!$E$3:$E$17,"8以上") -> 0 | M4: =IF($C4=0,"",L4/$C4) | N4: 1 | O4: =IF($C4=0,"",(D4*2+F4*4+H4*6+J4*8+L4*8)/$C4)
A5: 主要都市間互寄 | C5: =D5+F5+H5+J5+L5 -> 0 | D5: =COUNTIF(05子本!$E$23:$E$37,"J+2") -> 0 | E5: =IF($C5=0,"",D5/$C5) | F5: =COUNTIF(05子本!$E$23:$E$37,"J+4") -> 0 | G5: =IF($C5=0,"",F5/$C5) | H5: =COUNTIF(05子本!$E$23:$E$37,"J+6") -> 0 | I5: =IF($C5=0,"",H5/$C5) | J5: =COUNTIF(05子本!$E$23:$E$37,"J+8") -> 0 | K5: =IF($C5=0,"",J5/$C5) | L5: =COUNTIF(05子本!$E$23:$E$37,"8以上") -> 0 | M5: =IF($C5=0,"",L5/$C5) | N5: 1 | O5: =IF($C5=0,"",(D5*2+F5*4+H5*6+J5*8+L5*8)/$C5)
A6: 區域內互寄 (北北基、台中、高雄、中彰投地區) | C6: =D6+F6+H6+J6+L6 -> 0 | D6: =COUNTIF(05子本!$E$43:$E$57,"J+2") -> 0 | E6: =IF($C6=0,"",D6/$C6) | F6: =COUNTIF(05子本!$E$43:$E$57,"J+4") -> 0 | G6: =IF($C6=0,"",F6/$C6) | H6: =COUNTIF(05子本!$E$43:$E$57,"J+6") -> 0 | I6: =IF($C6=0,"",H6/$C6) | J6: =COUNTIF(05子本!$E$43:$E$57,"J+8") -> 0 | K6: =IF($C6=0,"",J6/$C6) | L6: =COUNTIF(05子本!$E$43:$E$57,"8以上") -> 0 | M6: =IF($C6=0,"",L6/$C6) | N6: 1 | O6: =IF($C6=0,"",(D6*2+F6*4+H6*6+J6*8+L6*8)/$C6)
A7: 其他轉口 | C7: =D7+F7+H7+J7+L7 -> 0 | D7: =COUNTIF(05子本!$E$63:$E$77,"J+2") -> 0 | E7: =IF($C7=0,"",D7/$C7) | F7: =COUNTIF(05子本!$E$63:$E$77,"J+4") -> 0 | G7: =IF($C7=0,"",F7/$C7) | H7: =COUNTIF(05子本!$E$63:$E$77,"J+6") -> 0 | I7: =IF($C7=0,"",H7/$C7) | J7: =COUNTIF(05子本!$E$63:$E$77,"J+8") -> 0 | K7: =IF($C7=0,"",J7/$C7) | L7: =COUNTIF(05子本!$E$63:$E$77,"8以上") -> 0 | M7: =IF($C7=0,"",L7/$C7) | N7: 1 | O7: =IF($C7=0,"",(D7*2+F7*4+H7*6+J7*8+L7*8)/$C7)
A8: 說明：
A9: 1 | B9: 為瞭解國內快捷郵件寄遞時效，各局快捷單位應透過MQ或本公司全球資訊網查詢系統抽測「本收本投」、「主要都市互寄」、「區域內互寄」、「其他轉口」4類，每月至少各10件（抽查紀錄列印或記錄郵件號碼留局備查，保存1年），抽測結果於次月5日前寄管轄郵局郵務科彙整，於8日前上傳主機。
A10: 2 | B10: 抽測樣本：本收本投以15時前交寄、主要都市互寄11時前交寄、區域間互寄13時前交寄之郵件抽測為主。
A11: 3 | B11: 寄遞時效：自「交寄郵件」到「郵件投遞中」之處理狀態時間計算，四小時以內者填「ｊ＋4時」欄；逾四小時不逾六小時者填「ｊ＋6時」欄，餘類推。抽測結果有不符合時效標準者，請將相關地名列出，並檢討改善。
A12: 4 | B12: 十大都市互寄係指台北市(100-110)、板橋市(220)、桃園市(330)、中壢市(含平鎮，320、324)、新竹市(300)、台中市(400-408)、彰化市(500)、嘉義市(600)、台南市(700-709)、高雄市(800-804、806、807)互寄者。該欄位僅由該十大都市互寄局就相關之郵件抽測情形填註。
A13: 5 | B13: 平均(時)數：((J+2小時投遞率)*2+(J+4小時投遞率)*4+(J+6小時投遞率)*6+(J+8小時投遞率)*8+(J+8小時以上投遞率)*8)/100。
B14: 製表: | F14: 主管:

Sheet 05子本
A1: ="中和郵務股"&'05'!$G$2&'05'!$H$2&"份 本口 快捷郵遞時效表" -> 中和郵務股115年5月份 本口 快捷郵遞時效表
A2: 郵件號碼 | B2: 交寄時間 | C2: 交投時間 | D2: 時數 | E2: 時效
D3: =IF(OR(B3="",C3=""),"",ROUND((IF(C3<1,INT(B3)+C3,C3)-B3)*1440,0)/1440) | E3: =IF(D3="","",IF(D3<0,"打日期",IF(D3*1440<=120,"J+2",IF(D3*1440<=240,"J+4",IF(D3*1440<=360,"J+6",IF(D3*1440<=480,"J+8","8以上"))))))
D4: =IF(OR(B4="",C4=""),"",ROUND((IF(C4<1,INT(B4)+C4,C4)-B4)*1440,0)/1440) | E4: =IF(D4="","",IF(D4<0,"打日期",IF(D4*1440<=120,"J+2",IF(D4*1440<=240,"J+4",IF(D4*1440<=360,"J+6",IF(D4*1440<=480,"J+8","8以上"))))))
D5: =IF(OR(B5="",C5=""),"",ROUND((IF(C5<1,INT(B5)+C5,C5)-B5)*1440,0)/1440) | E5: =IF(D5="","",IF(D5<0,"打日期",IF(D5*1440<=120,"J+2",IF(D5*1440<=240,"J+4",IF(D5*1440<=360,"J+6",IF(D5*1440<=480,"J+8","8以上"))))))
D6: =IF(OR(B6="",C6=""),"",ROUND((IF(C6<1,INT(B6)+C6,C6)-B6)*1440,0)/1440) | E6: =IF(D6="","",IF(D6<0,"打日期",IF(D6*1440<=120,"J+2",IF(D6*1440<=240,"J+4",IF(D6*1440<=360,"J+6",IF(D6*1440<=480,"J+8","8以上"))))))
D7: =IF(OR(B7="",C7=""),"",ROUND((IF(C7<1,INT(B7)+C7,C7)-B7)*1440,0)/1440) | E7: =IF(D7="","",IF(D7<0,"打日期",IF(D7*1440<=120,"J+2",IF(D7*1440<=240,"J+4",IF(D7*1440<=360,"J+6",IF(D7*1440<=480,"J+8","8以上"))))))
D8: =IF(OR(B8="",C8=""),"",ROUND((IF(C8<1,INT(B8)+C8,C8)-B8)*1440,0)/1440) | E8: =IF(D8="","",IF(D8<0,"打日期",IF(D8*1440<=120,"J+2",IF(D8*1440<=240,"J+4",IF(D8*1440<=360,"J+6",IF(D8*1440<=480,"J+8","8以上"))))))
D9: =IF(OR(B9="",C9=""),"",ROUND((IF(C9<1,INT(B9)+C9,C9)-B9)*1440,0)/1440) | E9: =IF(D9="","",IF(D9<0,"打日期",IF(D9*1440<=120,"J+2",IF(D9*1440<=240,"J+4",IF(D9*1440<=360,"J+6",IF(D9*1440<=480,"J+8","8以上"))))))
D10: =IF(OR(B10="",C10=""),"",ROUND((IF(C10<1,INT(B10)+C10,C10)-B10)*1440,0)/1440) | E10: =IF(D10="","",IF(D10<0,"打日期",IF(D10*1440<=120,"J+2",IF(D10*1440<=240,"J+4",IF(D10*1440<=360,"J+6",IF(D10*1440<=480,"J+8","8以上"))))))
D11: =IF(OR(B11="",C11=""),"",ROUND((IF(C11<1,INT(B11)+C11,C11)-B11)*1440,0)/1440) | E11: =IF(D11="","",IF(D11<0,"打日期",IF(D11*1440<=120,"J+2",IF(D11*1440<=240,"J+4",IF(D11*1440<=360,"J+6",IF(D11*1440<=480,"J+8","8以上"))))))
D12: =IF(OR(B12="",C12=""),"",ROUND((IF(C12<1,INT(B12)+C12,C12)-B12)*1440,0)/1440) | E12: =IF(D12="","",IF(D12<0,"打日期",IF(D12*1440<=120,"J+2",IF(D12*1440<=240,"J+4",IF(D12*1440<=360,"J+6",IF(D12*1440<=480,"J+8","8以上"))))))
D13: =IF(OR(B13="",C13=""),"",ROUND((IF(C13<1,INT(B13)+C13,C13)-B13)*1440,0)/1440) | E13: =IF(D13="","",IF(D13<0,"打日期",IF(D13*1440<=120,"J+2",IF(D13*1440<=240,"J+4",IF(D13*1440<=360,"J+6",IF(D13*1440<=480,"J+8","8以上"))))))
D14: =IF(OR(B14="",C14=""),"",ROUND((IF(C14<1,INT(B14)+C14,C14)-B14)*1440,0)/1440) | E14: =IF(D14="","",IF(D14<0,"打日期",IF(D14*1440<=120,"J+2",IF(D14*1440<=240,"J+4",IF(D14*1440<=360,"J+6",IF(D14*1440<=480,"J+8","8以上"))))))
... D17: =IF(OR(B17="",C17=""),"",ROUND((IF(C17<1,INT(B17)+C17,C17)-B17)*1440,0)/1440) | E17: =IF(D17="","",IF(D17<0,"打日期",IF(D17*1440<=120,"J+2",IF(D17*1440<=240,"J+4",IF(D17*1440<=360,"J+6",IF(D17*1440<=480,"J+8","8以上"))))))
A18: 本地互寄:( 15時前交寄之郵件) 板橋市22071~81、92
A20: 製表: | C20: 主管:
A21: ="中和郵務股"&'05'!$G$2&'05'!$H$2&"份 十大都會區 快捷郵遞時效表" -> 中和郵務股115年5月份 十大都會區 快捷郵遞時效表
A22: 郵件號碼 | B22: 交寄時間 | C22: 交投時間 | D22: 時數 | E22: 時效
D23: =IF(OR(B23="",C23=""),"",ROUND((IF(C23<1,INT(B23)+C23,C23)-B23)*1440,0)/1440) | E23: =IF(D23="","",IF(D23<0,"打日期",IF(D23*1440<=120,"J+2",IF(D23*1440<=240,"J+4",IF(D23*1440<=360,"J+6",IF(D23*1440<=480,"J+8","8以上"))))))
D24: =IF(OR(B24="",C24=""),"",ROUND((IF(C24<1,INT(B24)+C24,C24)-B24)*1440,0)/1440) | E24: =IF(D24="","",IF(D24<0,"打日期",IF(D24*1440<=120,"J+2",IF(D24*1440<=240,"J+4",IF(D24*1440<=360,"J+6",IF(D24*1440<=480,"J+8","8以上"))))))
D25: =IF(OR(B25="",C25=""),"",ROUND((IF(C25<1,INT(B25)+C25,C25)-B25)*1440,0)/1440) | E25: =IF(D25="","",IF(D25<0,"打日期",IF(D25*1440<=120,"J+2",IF(D25*1440<=240,"J+4",IF(D25*1440<=360,"J+6",IF(D25*1440<=480,"J+8","8以上"))))))
D26: =IF(OR(B26="",C26=""),"",ROUND((IF(C26<1,INT(B26)+C26,C26)-B26)*1440,0)/1440) | E26: =IF(D26="","",IF(D26<0,"打日期",IF(D26*1440<=120,"J+2",IF(D26*1440<=240,"J+4",IF(D26*1440<=360,"J+6",IF(D26*1440<=480,"J+8","8以上"))))))
D27: =IF(OR(B27="",C27=""),"",ROUND((IF(C27<1,INT(B27)+C27,C27)-B27)*1440,0)/1440) | E27: =IF(D27="","",IF(D27<0,"打日期",IF(D27*1440<=120,"J+2",IF(D27*1440<=240,"J+4",IF(D27*1440<=360,"J+6",IF(D27*1440<=480,"J+8","8以上"))))))
D28: =IF(OR(B28="",C28=""),"",ROUND((IF(C28<1,INT(B28)+C28,C28)-B28)*1440,0)/1440) | E28: =IF(D28="","",IF(D28<0,"打日期",IF(D28*1440<=120,"J+2",IF(D28*1440<=240,"J+4",IF(D28*1440<=360,"J+6",IF(D28*1440<=480,"J+8","8以上"))))))
D29: =IF(OR(B29="",C29=""),"",ROUND((IF(C29<1,INT(B29)+C29,C29)-B29)*1440,0)/1440) | E29: =IF(D29="","",IF(D29<0,"打日期",IF(D29*1440<=120,"J+2",IF(D29*1440<=240,"J+4",IF(D29*1440<=360,"J+6",IF(D29*1440<=480,"J+8","8以上"))))))
D30: =IF(OR(B30="",C30=""),"",ROUND((IF(C30<1,INT(B30)+C30,C30)-B30)*1440,0)/1440) | E30: =IF(D30="","",IF(D30<0,"打日期",IF(D30*1440<=120,"J+2",IF(D30*1440<=240,"J+4",IF(D30*1440<=360,"J+6",IF(D30*1440<=480,"J+8","8以上"))))))
D31: =IF(OR(B31="",C31=""),"",ROUND((IF(C31<1,INT(B31)+C31,C31)-B31)*1440,0)/1440) | E31: =IF(D31="","",IF(D31<0,"打日期",IF(D31*1440<=120,"J+2",IF(D31*1440<=240,"J+4",IF(D31*1440<=360,"J+6",IF(D31*1440<=480,"J+8","8以上"))))))
D32: =IF(OR(B32="",C32=""),"",ROUND((IF(C32<1,INT(B32)+C32,C32)-B32)*1440,0)/1440) | E32: =IF(D32="","",IF(D32<0,"打日期",IF(D32*1440<=120,"J+2",IF(D32*1440<=240,"J+4",IF(D32*1440<=360,"J+6",IF(D32*1440<=480,"J+8","8以上"))))))
D33: =IF(OR(B33="",C33=""),"",ROUND((IF(C33<1,INT(B33)+C33,C33)-B33)*1440,0)/1440) | E33: =IF(D33="","",IF(D33<0,"打日期",IF(D33*1440<=120,"J+2",IF(D33*1440<=240,"J+4",IF(D33*1440<=360,"J+6",IF(D33*1440<=480,"J+8","8以上"))))))
D34: =IF(OR(B34="",C34=""),"",ROUND((IF(C34<1,INT(B34)+C34,C34)-B34)*1440,0)/1440) | E34: =IF(D34="","",IF(D34<0,"打日期",IF(D34*1440<=120,"J+2",IF(D34*1440<=240,"J+4",IF(D34*1440<=360,"J+6",IF(D34*1440<=480,"J+8","8以上"))))))
... D37: =IF(OR(B37="",C37=""),"",ROUND((IF(C37<1,INT(B37)+C37,C37)-B37)*1440,0)/1440) | E37: =IF(D37="","",IF(D37<0,"打日期",IF(D37*1440<=120,"J+2",IF(D37*1440<=240,"J+4",IF(D37*1440<=360,"J+6",IF(D37*1440<=480,"J+8","8以上"))))))
A38: 十大都市:( 11時前交寄之郵件) 台北市(100-110)、基隆市(200~206)、桃園市(330)、中壢市(含平鎮，320、324)、台中市(400-408)、彰化市(500)、嘉義市(600)、台南市(700-709)、高雄市(800-804、806、807)互寄者。
A40: 製表: | C40: 主管:
A41: ="中和郵務股"&'05'!$G$2&'05'!$H$2&"份 區域內互寄 快捷郵遞時效表" -> 中和郵務股115年5月份 區域內互寄 快捷郵遞時效表
A42: 郵件號碼 | B42: 交寄時間 | C42: 交投時間 | D42: 時數 | E42: 時效
D43: =IF(OR(B43="",C43=""),"",ROUND((IF(C43<1,INT(B43)+C43,C43)-B43)*1440,0)/1440) | E43: =IF(D43="","",IF(D43<0,"打日期",IF(D43*1440<=120,"J+2",IF(D43*1440<=240,"J+4",IF(D43*1440<=360,"J+6",IF(D43*1440<=480,"J+8","8以上"))))))
D44: =IF(OR(B44="",C44=""),"",ROUND((IF(C44<1,INT(B44)+C44,C44)-B44)*1440,0)/1440) | E44: =IF(D44="","",IF(D44<0,"打日期",IF(D44*1440<=120,"J+2",IF(D44*1440<=240,"J+4",IF(D44*1440<=360,"J+6",IF(D44*1440<=480,"J+8","8以上"))))))
D45: =IF(OR(B45="",C45=""),"",ROUND((IF(C45<1,INT(B45)+C45,C45)-B45)*1440,0)/1440) | E45: =IF(D45="","",IF(D45<0,"打日期",IF(D45*1440<=120,"J+2",IF(D45*1440<=240,"J+4",IF(D45*1440<=360,"J+6",IF(D45*1440<=480,"J+8","8以上"))))))
D46: =IF(OR(B46="",C46=""),"",ROUND((IF(C46<1,INT(B46)+C46,C46)-B46)*1440,0)/1440) | E46: =IF(D46="","",IF(D46<0,"打日期",IF(D46*1440<=120,"J+2",IF(D46*1440<=240,"J+4",IF(D46*1440<=360,"J+6",IF(D46*1440<=480,"J+8","8以上"))))))
D47: =IF(OR(B47="",C47=""),"",ROUND((IF(C47<1,INT(B47)+C47,C47)-B47)*1440,0)/1440) | E47: =IF(D47="","",IF(D47<0,"打日期",IF(D47*1440<=120,"J+2",IF(D47*1440<=240,"J+4",IF(D47*1440<=360,"J+6",IF(D47*1440<=480,"J+8","8以上"))))))
D48: =IF(OR(B48="",C48=""),"",ROUND((IF(C48<1,INT(B48)+C48,C48)-B48)*1440,0)/1440) | E48: =IF(D48="","",IF(D48<0,"打日期",IF(D48*1440<=120,"J+2",IF(D48*1440<=240,"J+4",IF(D48*1440<=360,"J+6",IF(D48*1440<=480,"J+8","8以上"))))))
D49: =IF(OR(B49="",C49=""),"",ROUND((IF(C49<1,INT(B49)+C49,C49)-B49)*1440,0)/1440) | E49: =IF(D49="","",IF(D49<0,"打日期",IF(D49*1440<=120,"J+2",IF(D49*1440<=240,"J+4",IF(D49*1440<=360,"J+6",IF(D49*1440<=480,"J+8","8以上"))))))
D50: =IF(OR(B50="",C50=""),"",ROUND((IF(C50<1,INT(B50)+C50,C50)-B50)*1440,0)/1440) | E50: =IF(D50="","",IF(D50<0,"打日期",IF(D50*1440<=120,"J+2",IF(D50*1440<=240,"J+4",IF(D50*1440<=360,"J+6",IF(D50*1440<=480,"J+8","8以上"))))))
D51: =IF(OR(B51="",C51=""),"",ROUND((IF(C51<1,INT(B51)+C51,C51)-B51)*1440,0)/1440) | E51: =IF(D51="","",IF(D51<0,"打日期",IF(D51*1440<=120,"J+2",IF(D51*1440<=240,"J+4",IF(D51*1440<=360,"J+6",IF(D51*1440<=480,"J+8","8以上"))))))
D52: =IF(OR(B52="",C52=""),"",ROUND((IF(C52<1,INT(B52)+C52,C52)-B52)*1440,0)/1440) | E52: =IF(D52="","",IF(D52<0,"打日期",IF(D52*1440<=120,"J+2",IF(D52*1440<=240,"J+4",IF(D52*1440<=360,"J+6",IF(D52*1440<=480,"J+8","8以上"))))))
D53: =IF(OR(B53="",C53=""),"",ROUND((IF(C53<1,INT(B53)+C53,C53)-B53)*1440,0)/1440) | E53: =IF(D53="","",IF(D53<0,"打日期",IF(D53*1440<=120,"J+2",IF(D53*1440<=240,"J+4",IF(D53*1440<=360,"J+6",IF(D53*1440<=480,"J+8","8以上"))))))
D54: =IF(OR(B54="",C54=""),"",ROUND((IF(C54<1,INT(B54)+C54,C54)-B54)*1440,0)/1440) | E54: =IF(D54="","",IF(D54<0,"打日期",IF(D54*1440<=120,"J+2",IF(D54*1440<=240,"J+4",IF(D54*1440<=360,"J+6",IF(D54*1440<=480,"J+8","8以上"))))))
... D57: =IF(OR(B57="",C57=""),"",ROUND((IF(C57<1,INT(B57)+C57,C57)-B57)*1440,0)/1440) | E57: =IF(D57="","",IF(D57<0,"打日期",IF(D57*1440<=120,"J+2",IF(D57*1440<=240,"J+4",IF(D57*1440<=360,"J+6",IF(D57*1440<=480,"J+8","8以上"))))))
A58: 區域互寄:( 13時前交寄之郵件) 220、241、360、420
A60: 製表: | C60: 主管:
A61: ="中和郵務股"&'05'!$G$2&'05'!$H$2&"份 轉口 快捷郵遞時效表" -> 中和郵務股115年5月份 轉口 快捷郵遞時效表
A62: 郵件號碼 | B62: 交寄時間 | C62: 交投時間 | D62: 時數 | E62: 時效
D63: =IF(OR(B63="",C63=""),"",ROUND((IF(C63<1,INT(B63)+C63,C63)-B63)*1440,0)/1440) | E63: =IF(D63="","",IF(D63<0,"打日期",IF(D63*1440<=120,"J+2",IF(D63*1440<=240,"J+4",IF(D63*1440<=360,"J+6",IF(D63*1440<=480,"J+8","8以上"))))))
D64: =IF(OR(B64="",C64=""),"",ROUND((IF(C64<1,INT(B64)+C64,C64)-B64)*1440,0)/1440) | E64: =IF(D64="","",IF(D64<0,"打日期",IF(D64*1440<=120,"J+2",IF(D64*1440<=240,"J+4",IF(D64*1440<=360,"J+6",IF(D64*1440<=480,"J+8","8以上"))))))
D65: =IF(OR(B65="",C65=""),"",ROUND((IF(C65<1,INT(B65)+C65,C65)-B65)*1440,0)/1440) | E65: =IF(D65="","",IF(D65<0,"打日期",IF(D65*1440<=120,"J+2",IF(D65*1440<=240,"J+4",IF(D65*1440<=360,"J+6",IF(D65*1440<=480,"J+8","8以上"))))))
D66: =IF(OR(B66="",C66=""),"",ROUND((IF(C66<1,INT(B66)+C66,C66)-B66)*1440,0)/1440) | E66: =IF(D66="","",IF(D66<0,"打日期",IF(D66*1440<=120,"J+2",IF(D66*1440<=240,"J+4",IF(D66*1440<=360,"J+6",IF(D66*1440<=480,"J+8","8以上"))))))
D67: =IF(OR(B67="",C67=""),"",ROUND((IF(C67<1,INT(B67)+C67,C67)-B67)*1440,0)/1440) | E67: =IF(D67="","",IF(D67<0,"打日期",IF(D67*1440<=120,"J+2",IF(D67*1440<=240,"J+4",IF(D67*1440<=360,"J+6",IF(D67*1440<=480,"J+8","8以上"))))))
D68: =IF(OR(B68="",C68=""),"",ROUND((IF(C68<1,INT(B68)+C68,C68)-B68)*1440,0)/1440) | E68: =IF(D68="","",IF(D68<0,"打日期",IF(D68*1440<=120,"J+2",IF(D68*1440<=240,"J+4",IF(D68*1440<=360,"J+6",IF(D68*1440<=480,"J+8","8以上"))))))
D69: =IF(OR(B69="",C69=""),"",ROUND((IF(C69<1,INT(B69)+C69,C69)-B69)*1440,0)/1440) | E69: =IF(D69="","",IF(D69<0,"打日期",IF(D69*1440<=120,"J+2",IF(D69*1440<=240,"J+4",IF(D69*1440<=360,"J+6",IF(D69*1440<=480,"J+8","8以上"))))))
D70: =IF(OR(B70="",C70=""),"",ROUND((IF(C70<1,INT(B70)+C70,C70)-B70)*1440,0)/1440) | E70: =IF(D70="","",IF(D70<0,"打日期",IF(D70*1440<=120,"J+2",IF(D70*1440<=240,"J+4",IF(D70*1440<=360,"J+6",IF(D70*1440<=480,"J+8","8以上"))))))
D71: =IF(OR(B71="",C71=""),"",ROUND((IF(C71<1,INT(B71)+C71,C71)-B71)*1440,0)/1440) | E71: =IF(D71="","",IF(D71<0,"打日期",IF(D71*1440<=120,"J+2",IF(D71*1440<=240,"J+4",IF(D71*1440<=360,"J+6",IF(D71*1440<=480,"J+8","8以上"))))))
D72: =IF(OR(B72="",C72=""),"",ROUND((IF(C72<1,INT(B72)+C72,C72)-B72)*1440,0)/1440) | E72: =IF(D72="","",IF(D72<0,"打日期",IF(D72*1440<=120,"J+2",IF(D72*1440<=240,"J+4",IF(D72*1440<=360,"J+6",IF(D72*1440<=480,"J+8","8以上"))))))
D73: =IF(OR(B73="",C73=""),"",ROUND((IF(C73<1,INT(B73)+C73,C73)-B73)*1440,0)/1440) | E73: =IF(D73="","",IF(D73<0,"打日期",IF(D73*1440<=120,"J+2",IF(D73*1440<=240,"J+4",IF(D73*1440<=360,"J+6",IF(D73*1440<=480,"J+8","8以上"))))))
D74: =IF(OR(B74="",C74=""),"",ROUND((IF(C74<1,INT(B74)+C74,C74)-B74)*1440,0)/1440) | E74: =IF(D74="","",IF(D74<0,"打日期",IF(D74*1440<=120,"J+2",IF(D74*1440<=240,"J+4",IF(D74*1440<=360,"J+6",IF(D74*1440<=480,"J+8","8以上"))))))
... D77: =IF(OR(B77="",C77=""),"",ROUND((IF(C77<1,INT(B77)+C77,C77)-B77)*1440,0)/1440) | E77: =IF(D77="","",IF(D77<0,"打日期",IF(D77*1440<=120,"J+2",IF(D77*1440<=240,"J+4",IF(D77*1440<=360,"J+6",IF(D77*1440<=480,"J+8","8以上"))))))
A78: 十大都市:( 11時前交寄之郵件) 台北市(100-110)、板橋市(220)、桃園市(330)、中壢市(含平鎮，320、324)、新竹市(300)、台中市(400-408)、彰化市(500)、嘉義市(600)、台南市(700-709)、高雄市(800-804、806、807)互寄者。
A80: 製表: | C80: 主管:

Sheet 06
A1: 中和郵局 抽測國內快捷情形報告單
G2: ='01'!G2 -> 115年 | H2: 6月
A3: 互寄地區 | C3: 抽測件數 | D3: J+2時 件數 | E3: J+2時 投遞率 | F3: J+4時 件數 | G3: J+4時 投遞率 | H3: J+6時 件數 | I3: J+6時 投遞率 | J3: J+8時 件數 | K3: J+8時 投遞率 | L3: 8時以上 件數 | M3: 8時以上 投遞率 | N3: 符合時效比例 | O3: 平均 (時)數
A4: 本收本投 | C4: =D4+F4+H4+J4+L4 -> 0 | D4: =COUNTIF(06子本!$E$3:$E$17,"J+2") -> 0 | E4: =IF($C4=0,"",D4/$C4) | F4: =COUNTIF(06子本!$E$3:$E$17,"J+4") -> 0 | G4: =IF($C4=0,"",F4/$C4) | H4: =COUNTIF(06子本!$E$3:$E$17,"J+6") -> 0 | I4: =IF($C4=0,"",H4/$C4) | J4: =COUNTIF(06子本!$E$3:$E$17,"J+8") -> 0 | K4: =IF($C4=0,"",J4/$C4) | L4: =COUNTIF(06子本!$E$3:$E$17,"8以上") -> 0 | M4: =IF($C4=0,"",L4/$C4) | N4: 1 | O4: =IF($C4=0,"",(D4*2+F4*4+H4*6+J4*8+L4*8)/$C4)
A5: 主要都市間互寄 | C5: =D5+F5+H5+J5+L5 -> 0 | D5: =COUNTIF(06子本!$E$23:$E$37,"J+2") -> 0 | E5: =IF($C5=0,"",D5/$C5) | F5: =COUNTIF(06子本!$E$23:$E$37,"J+4") -> 0 | G5: =IF($C5=0,"",F5/$C5) | H5: =COUNTIF(06子本!$E$23:$E$37,"J+6") -> 0 | I5: =IF($C5=0,"",H5/$C5) | J5: =COUNTIF(06子本!$E$23:$E$37,"J+8") -> 0 | K5: =IF($C5=0,"",J5/$C5) | L5: =COUNTIF(06子本!$E$23:$E$37,"8以上") -> 0 | M5: =IF($C5=0,"",L5/$C5) | N5: 1 | O5: =IF($C5=0,"",(D5*2+F5*4+H5*6+J5*8+L5*8)/$C5)
A6: 區域內互寄 (北北基、台中、高雄、中彰投地區) | C6: =D6+F6+H6+J6+L6 -> 0 | D6: =COUNTIF(06子本!$E$43:$E$57,"J+2") -> 0 | E6: =IF($C6=0,"",D6/$C6) | F6: =COUNTIF(06子本!$E$43:$E$57,"J+4") -> 0 | G6: =IF($C6=0,"",F6/$C6) | H6: =COUNTIF(06子本!$E$43:$E$57,"J+6") -> 0 | I6: =IF($C6=0,"",H6/$C6) | J6: =COUNTIF(06子本!$E$43:$E$57,"J+8") -> 0 | K6: =IF($C6=0,"",J6/$C6) | L6: =COUNTIF(06子本!$E$43:$E$57,"8以上") -> 0 | M6: =IF($C6=0,"",L6/$C6) | N6: 1 | O6: =IF($C6=0,"",(D6*2+F6*4+H6*6+J6*8+L6*8)/$C6)
A7: 其他轉口 | C7: =D7+F7+H7+J7+L7 -> 0 | D7: =COUNTIF(06子本!$E$63:$E$77,"J+2") -> 0 | E7: =IF($C7=0,"",D7/$C7) | F7: =COUNTIF(06子本!$E$63:$E$77,"J+4") -> 0 | G7: =IF($C7=0,"",F7/$C7) | H7: =COUNTIF(06子本!$E$63:$E$77,"J+6") -> 0 | I7: =IF($C7=0,"",H7/$C7) | J7: =COUNTIF(06子本!$E$63:$E$77,"J+8") -> 0 | K7: =IF($C7=0,"",J7/$C7) | L7: =COUNTIF(06子本!$E$63:$E$77,"8以上") -> 0 | M7: =IF($C7=0,"",L7/$C7) | N7: 1 | O7: =IF($C7=0,"",(D7*2+F7*4+H7*6+J7*8+L7*8)/$C7)
A8: 說明：
A9: 1 | B9: 為瞭解國內快捷郵件寄遞時效，各局快捷單位應透過MQ或本公司全球資訊網查詢系統抽測「本收本投」、「主要都市互寄」、「區域內互寄」、「其他轉口」4類，每月至少各10件（抽查紀錄列印或記錄郵件號碼留局備查，保存1年），抽測結果於次月5日前寄管轄郵局郵務科彙整，於8日前上傳主機。
A10: 2 | B10: 抽測樣本：本收本投以15時前交寄、主要都市互寄11時前交寄、區域間互寄13時前交寄之郵件抽測為主。
A11: 3 | B11: 寄遞時效：自「交寄郵件」到「郵件投遞中」之處理狀態時間計算，四小時以內者填「ｊ＋4時」欄；逾四小時不逾六小時者填「ｊ＋6時」欄，餘類推。抽測結果有不符合時效標準者，請將相關地名列出，並檢討改善。
A12: 4 | B12: 十大都市互寄係指台北市(100-110)、板橋市(220)、桃園市(330)、中壢市(含平鎮，320、324)、新竹市(300)、台中市(400-408)、彰化市(500)、嘉義市(600)、台南市(700-709)、高雄市(800-804、806、807)互寄者。該欄位僅由該十大都市互寄局就相關之郵件抽測情形填註。
A13: 5 | B13: 平均(時)數：((J+2小時投遞率)*2+(J+4小時投遞率)*4+(J+6小時投遞率)*6+(J+8小時投遞率)*8+(J+8小時以上投遞率)*8)/100。
B14: 製表: | F14: 主管:

Sheet 06子本
A1: ="中和郵務股"&'06'!$G$2&'06'!$H$2&"份 本口 快捷郵遞時效表" -> 中和郵務股115年6月份 本口 快捷郵遞時效表
A2: 郵件號碼 | B2: 交寄時間 | C2: 交投時間 | D2: 時數 | E2: 時效
D3: =IF(OR(B3="",C3=""),"",ROUND((IF(C3<1,INT(B3)+C3,C3)-B3)*1440,0)/1440) | E3: =IF(D3="","",IF(D3<0,"打日期",IF(D3*1440<=120,"J+2",IF(D3*1440<=240,"J+4",IF(D3*1440<=360,"J+6",IF(D3*1440<=480,"J+8","8以上"))))))
D4: =IF(OR(B4="",C4=""),"",ROUND((IF(C4<1,INT(B4)+C4,C4)-B4)*1440,0)/1440) | E4: =IF(D4="","",IF(D4<0,"打日期",IF(D4*1440<=120,"J+2",IF(D4*1440<=240,"J+4",IF(D4*1440<=360,"J+6",IF(D4*1440<=480,"J+8","8以上"))))))
D5: =IF(OR(B5="",C5=""),"",ROUND((IF(C5<1,INT(B5)+C5,C5)-B5)*1440,0)/1440) | E5: =IF(D5="","",IF(D5<0,"打日期",IF(D5*1440<=120,"J+2",IF(D5*1440<=240,"J+4",IF(D5*1440<=360,"J+6",IF(D5*1440<=480,"J+8","8以上"))))))
D6: =IF(OR(B6="",C6=""),"",ROUND((IF(C6<1,INT(B6)+C6,C6)-B6)*1440,0)/1440) | E6: =IF(D6="","",IF(D6<0,"打日期",IF(D6*1440<=120,"J+2",IF(D6*1440<=240,"J+4",IF(D6*1440<=360,"J+6",IF(D6*1440<=480,"J+8","8以上"))))))
D7: =IF(OR(B7="",C7=""),"",ROUND((IF(C7<1,INT(B7)+C7,C7)-B7)*1440,0)/1440) | E7: =IF(D7="","",IF(D7<0,"打日期",IF(D7*1440<=120,"J+2",IF(D7*1440<=240,"J+4",IF(D7*1440<=360,"J+6",IF(D7*1440<=480,"J+8","8以上"))))))
D8: =IF(OR(B8="",C8=""),"",ROUND((IF(C8<1,INT(B8)+C8,C8)-B8)*1440,0)/1440) | E8: =IF(D8="","",IF(D8<0,"打日期",IF(D8*1440<=120,"J+2",IF(D8*1440<=240,"J+4",IF(D8*1440<=360,"J+6",IF(D8*1440<=480,"J+8","8以上"))))))
D9: =IF(OR(B9="",C9=""),"",ROUND((IF(C9<1,INT(B9)+C9,C9)-B9)*1440,0)/1440) | E9: =IF(D9="","",IF(D9<0,"打日期",IF(D9*1440<=120,"J+2",IF(D9*1440<=240,"J+4",IF(D9*1440<=360,"J+6",IF(D9*1440<=480,"J+8","8以上"))))))
D10: =IF(OR(B10="",C10=""),"",ROUND((IF(C10<1,INT(B10)+C10,C10)-B10)*1440,0)/1440) | E10: =IF(D10="","",IF(D10<0,"打日期",IF(D10*1440<=120,"J+2",IF(D10*1440<=240,"J+4",IF(D10*1440<=360,"J+6",IF(D10*1440<=480,"J+8","8以上"))))))
D11: =IF(OR(B11="",C11=""),"",ROUND((IF(C11<1,INT(B11)+C11,C11)-B11)*1440,0)/1440) | E11: =IF(D11="","",IF(D11<0,"打日期",IF(D11*1440<=120,"J+2",IF(D11*1440<=240,"J+4",IF(D11*1440<=360,"J+6",IF(D11*1440<=480,"J+8","8以上"))))))
D12: =IF(OR(B12="",C12=""),"",ROUND((IF(C12<1,INT(B12)+C12,C12)-B12)*1440,0)/1440) | E12: =IF(D12="","",IF(D12<0,"打日期",IF(D12*1440<=120,"J+2",IF(D12*1440<=240,"J+4",IF(D12*1440<=360,"J+6",IF(D12*1440<=480,"J+8","8以上"))))))
D13: =IF(OR(B13="",C13=""),"",ROUND((IF(C13<1,INT(B13)+C13,C13)-B13)*1440,0)/1440) | E13: =IF(D13="","",IF(D13<0,"打日期",IF(D13*1440<=120,"J+2",IF(D13*1440<=240,"J+4",IF(D13*1440<=360,"J+6",IF(D13*1440<=480,"J+8","8以上"))))))
D14: =IF(OR(B14="",C14=""),"",ROUND((IF(C14<1,INT(B14)+C14,C14)-B14)*1440,0)/1440) | E14: =IF(D14="","",IF(D14<0,"打日期",IF(D14*1440<=120,"J+2",IF(D14*1440<=240,"J+4",IF(D14*1440<=360,"J+6",IF(D14*1440<=480,"J+8","8以上"))))))
... D17: =IF(OR(B17="",C17=""),"",ROUND((IF(C17<1,INT(B17)+C17,C17)-B17)*1440,0)/1440) | E17: =IF(D17="","",IF(D17<0,"打日期",IF(D17*1440<=120,"J+2",IF(D17*1440<=240,"J+4",IF(D17*1440<=360,"J+6",IF(D17*1440<=480,"J+8","8以上"))))))
A18: 本地互寄:( 15時前交寄之郵件) 板橋市22071~81、92
A20: 製表: | C20: 主管:
A21: ="中和郵務股"&'06'!$G$2&'06'!$H$2&"份 十大都會區 快捷郵遞時效表" -> 中和郵務股115年6月份 十大都會區 快捷郵遞時效表
A22: 郵件號碼 | B22: 交寄時間 | C22: 交投時間 | D22: 時數 | E22: 時效
D23: =IF(OR(B23="",C23=""),"",ROUND((IF(C23<1,INT(B23)+C23,C23)-B23)*1440,0)/1440) | E23: =IF(D23="","",IF(D23<0,"打日期",IF(D23*1440<=120,"J+2",IF(D23*1440<=240,"J+4",IF(D23*1440<=360,"J+6",IF(D23*1440<=480,"J+8","8以上"))))))
D24: =IF(OR(B24="",C24=""),"",ROUND((IF(C24<1,INT(B24)+C24,C24)-B24)*1440,0)/1440) | E24: =IF(D24="","",IF(D24<0,"打日期",IF(D24*1440<=120,"J+2",IF(D24*1440<=240,"J+4",IF(D24*1440<=360,"J+6",IF(D24*1440<=480,"J+8","8以上"))))))
D25: =IF(OR(B25="",C25=""),"",ROUND((IF(C25<1,INT(B25)+C25,C25)-B25)*1440,0)/1440) | E25: =IF(D25="","",IF(D25<0,"打日期",IF(D25*1440<=120,"J+2",IF(D25*1440<=240,"J+4",IF(D25*1440<=360,"J+6",IF(D25*1440<=480,"J+8","8以上"))))))
D26: =IF(OR(B26="",C26=""),"",ROUND((IF(C26<1,INT(B26)+C26,C26)-B26)*1440,0)/1440) | E26: =IF(D26="","",IF(D26<0,"打日期",IF(D26*1440<=120,"J+2",IF(D26*1440<=240,"J+4",IF(D26*1440<=360,"J+6",IF(D26*1440<=480,"J+8","8以上"))))))
D27: =IF(OR(B27="",C27=""),"",ROUND((IF(C27<1,INT(B27)+C27,C27)-B27)*1440,0)/1440) | E27: =IF(D27="","",IF(D27<0,"打日期",IF(D27*1440<=120,"J+2",IF(D27*1440<=240,"J+4",IF(D27*1440<=360,"J+6",IF(D27*1440<=480,"J+8","8以上"))))))
D28: =IF(OR(B28="",C28=""),"",ROUND((IF(C28<1,INT(B28)+C28,C28)-B28)*1440,0)/1440) | E28: =IF(D28="","",IF(D28<0,"打日期",IF(D28*1440<=120,"J+2",IF(D28*1440<=240,"J+4",IF(D28*1440<=360,"J+6",IF(D28*1440<=480,"J+8","8以上"))))))
D29: =IF(OR(B29="",C29=""),"",ROUND((IF(C29<1,INT(B29)+C29,C29)-B29)*1440,0)/1440) | E29: =IF(D29="","",IF(D29<0,"打日期",IF(D29*1440<=120,"J+2",IF(D29*1440<=240,"J+4",IF(D29*1440<=360,"J+6",IF(D29*1440<=480,"J+8","8以上"))))))
D30: =IF(OR(B30="",C30=""),"",ROUND((IF(C30<1,INT(B30)+C30,C30)-B30)*1440,0)/1440) | E30: =IF(D30="","",IF(D30<0,"打日期",IF(D30*1440<=120,"J+2",IF(D30*1440<=240,"J+4",IF(D30*1440<=360,"J+6",IF(D30*1440<=480,"J+8","8以上"))))))
D31: =IF(OR(B31="",C31=""),"",ROUND((IF(C31<1,INT(B31)+C31,C31)-B31)*1440,0)/1440) | E31: =IF(D31="","",IF(D31<0,"打日期",IF(D31*1440<=120,"J+2",IF(D31*1440<=240,"J+4",IF(D31*1440<=360,"J+6",IF(D31*1440<=480,"J+8","8以上"))))))
D32: =IF(OR(B32="",C32=""),"",ROUND((IF(C32<1,INT(B32)+C32,C32)-B32)*1440,0)/1440) | E32: =IF(D32="","",IF(D32<0,"打日期",IF(D32*1440<=120,"J+2",IF(D32*1440<=240,"J+4",IF(D32*1440<=360,"J+6",IF(D32*1440<=480,"J+8","8以上"))))))
D33: =IF(OR(B33="",C33=""),"",ROUND((IF(C33<1,INT(B33)+C33,C33)-B33)*1440,0)/1440) | E33: =IF(D33="","",IF(D33<0,"打日期",IF(D33*1440<=120,"J+2",IF(D33*1440<=240,"J+4",IF(D33*1440<=360,"J+6",IF(D33*1440<=480,"J+8","8以上"))))))
D34: =IF(OR(B34="",C34=""),"",ROUND((IF(C34<1,INT(B34)+C34,C34)-B34)*1440,0)/1440) | E34: =IF(D34="","",IF(D34<0,"打日期",IF(D34*1440<=120,"J+2",IF(D34*1440<=240,"J+4",IF(D34*1440<=360,"J+6",IF(D34*1440<=480,"J+8","8以上"))))))
... D37: =IF(OR(B37="",C37=""),"",ROUND((IF(C37<1,INT(B37)+C37,C37)-B37)*1440,0)/1440) | E37: =IF(D37="","",IF(D37<0,"打日期",IF(D37*1440<=120,"J+2",IF(D37*1440<=240,"J+4",IF(D37*1440<=360,"J+6",IF(D37*1440<=480,"J+8","8以上"))))))
A38: 十大都市:( 11時前交寄之郵件) 台北市(100-110)、基隆市(200~206)、桃園市(330)、中壢市(含平鎮，320、324)、台中市(400-408)、彰化市(500)、嘉義市(600)、台南市(700-709)、高雄市(800-804、806、807)互寄者。
A40: 製表: | C40: 主管:
A41: ="中和郵務股"&'06'!$G$2&'06'!$H$2&"份 區域內互寄 快捷郵遞時效表" -> 中和郵務股115年6月份 區域內互寄 快捷郵遞時效表
A42: 郵件號碼 | B42: 交寄時間 | C42: 交投時間 | D42: 時數 | E42: 時效
D43: =IF(OR(B43="",C43=""),"",ROUND((IF(C43<1,INT(B43)+C43,C43)-B43)*1440,0)/1440) | E43: =IF(D43="","",IF(D43<0,"打日期",IF(D43*1440<=120,"J+2",IF(D43*1440<=240,"J+4",IF(D43*1440<=360,"J+6",IF(D43*1440<=480,"J+8","8以上"))))))
D44: =IF(OR(B44="",C44=""),"",ROUND((IF(C44<1,INT(B44)+C44,C44)-B44)*1440,0)/1440) | E44: =IF(D44="","",IF(D44<0,"打日期",IF(D44*1440<=120,"J+2",IF(D44*1440<=240,"J+4",IF(D44*1440<=360,"J+6",IF(D44*1440<=480,"J+8","8以上"))))))
D45: =IF(OR(B45="",C45=""),"",ROUND((IF(C45<1,INT(B45)+C45,C45)-B45)*1440,0)/1440) | E45: =IF(D45="","",IF(D45<0,"打日期",IF(D45*1440<=120,"J+2",IF(D45*1440<=240,"J+4",IF(D45*1440<=360,"J+6",IF(D45*1440<=480,"J+8","8以上"))))))
D46: =IF(OR(B46="",C46=""),"",ROUND((IF(C46<1,INT(B46)+C46,C46)-B46)*1440,0)/1440) | E46: =IF(D46="","",IF(D46<0,"打日期",IF(D46*1440<=120,"J+2",IF(D46*1440<=240,"J+4",IF(D46*1440<=360,"J+6",IF(D46*1440<=480,"J+8","8以上"))))))
D47: =IF(OR(B47="",C47=""),"",ROUND((IF(C47<1,INT(B47)+C47,C47)-B47)*1440,0)/1440) | E47: =IF(D47="","",IF(D47<0,"打日期",IF(D47*1440<=120,"J+2",IF(D47*1440<=240,"J+4",IF(D47*1440<=360,"J+6",IF(D47*1440<=480,"J+8","8以上"))))))
D48: =IF(OR(B48="",C48=""),"",ROUND((IF(C48<1,INT(B48)+C48,C48)-B48)*1440,0)/1440) | E48: =IF(D48="","",IF(D48<0,"打日期",IF(D48*1440<=120,"J+2",IF(D48*1440<=240,"J+4",IF(D48*1440<=360,"J+6",IF(D48*1440<=480,"J+8","8以上"))))))
D49: =IF(OR(B49="",C49=""),"",ROUND((IF(C49<1,INT(B49)+C49,C49)-B49)*1440,0)/1440) | E49: =IF(D49="","",IF(D49<0,"打日期",IF(D49*1440<=120,"J+2",IF(D49*1440<=240,"J+4",IF(D49*1440<=360,"J+6",IF(D49*1440<=480,"J+8","8以上"))))))
D50: =IF(OR(B50="",C50=""),"",ROUND((IF(C50<1,INT(B50)+C50,C50)-B50)*1440,0)/1440) | E50: =IF(D50="","",IF(D50<0,"打日期",IF(D50*1440<=120,"J+2",IF(D50*1440<=240,"J+4",IF(D50*1440<=360,"J+6",IF(D50*1440<=480,"J+8","8以上"))))))
D51: =IF(OR(B51="",C51=""),"",ROUND((IF(C51<1,INT(B51)+C51,C51)-B51)*1440,0)/1440) | E51: =IF(D51="","",IF(D51<0,"打日期",IF(D51*1440<=120,"J+2",IF(D51*1440<=240,"J+4",IF(D51*1440<=360,"J+6",IF(D51*1440<=480,"J+8","8以上"))))))
D52: =IF(OR(B52="",C52=""),"",ROUND((IF(C52<1,INT(B52)+C52,C52)-B52)*1440,0)/1440) | E52: =IF(D52="","",IF(D52<0,"打日期",IF(D52*1440<=120,"J+2",IF(D52*1440<=240,"J+4",IF(D52*1440<=360,"J+6",IF(D52*1440<=480,"J+8","8以上"))))))
D53: =IF(OR(B53="",C53=""),"",ROUND((IF(C53<1,INT(B53)+C53,C53)-B53)*1440,0)/1440) | E53: =IF(D53="","",IF(D53<0,"打日期",IF(D53*1440<=120,"J+2",IF(D53*1440<=240,"J+4",IF(D53*1440<=360,"J+6",IF(D53*1440<=480,"J+8","8以上"))))))
D54: =IF(OR(B54="",C54=""),"",ROUND((IF(C54<1,INT(B54)+C54,C54)-B54)*1440,0)/1440) | E54: =IF(D54="","",IF(D54<0,"打日期",IF(D54*1440<=120,"J+2",IF(D54*1440<=240,"J+4",IF(D54*1440<=360,"J+6",IF(D54*1440<=480,"J+8","8以上"))))))
... D57: =IF(OR(B57="",C57=""),"",ROUND((IF(C57<1,INT(B57)+C57,C57)-B57)*1440,0)/1440) | E57: =IF(D57="","",IF(D57<0,"打日期",IF(D57*1440<=120,"J+2",IF(D57*1440<=240,"J+4",IF(D57*1440<=360,"J+6",IF(D57*1440<=480,"J+8","8以上"))))))
A58: 區域互寄:( 13時前交寄之郵件) 220、241、360、420
A60: 製表: | C60: 主管:
A61: ="中和郵務股"&'06'!$G$2&'06'!$H$2&"份 轉口 快捷郵遞時效表" -> 中和郵務股115年6月份 轉口 快捷郵遞時效表
A62: 郵件號碼 | B62: 交寄時間 | C62: 交投時間 | D62: 時數 | E62: 時效
D63: =IF(OR(B63="",C63=""),"",ROUND((IF(C63<1,INT(B63)+C63,C63)-B63)*1440,0)/1440) | E63: =IF(D63="","",IF(D63<0,"打日期",IF(D63*1440<=120,"J+2",IF(D63*1440<=240,"J+4",IF(D63*1440<=360,"J+6",IF(D63*1440<=480,"J+8","8以上"))))))
D64: =IF(OR(B64="",C64=""),"",ROUND((IF(C64<1,INT(B64)+C64,C64)-B64)*1440,0)/1440) | E64: =IF(D64="","",IF(D64<0,"打日期",IF(D64*1440<=120,"J+2",IF(D64*1440<=240,"J+4",IF(D64*1440<=360,"J+6",IF(D64*1440<=480,"J+8","8以上"))))))
D65: =IF(OR(B65="",C65=""),"",ROUND((IF(C65<1,INT(B65)+C65,C65)-B65)*1440,0)/1440) | E65: =IF(D65="","",IF(D65<0,"打日期",IF(D65*1440<=120,"J+2",IF(D65*1440<=240,"J+4",IF(D65*1440<=360,"J+6",IF(D65*1440<=480,"J+8","8以上"))))))
D66: =IF(OR(B66="",C66=""),"",ROUND((IF(C66<1,INT(B66)+C66,C66)-B66)*1440,0)/1440) | E66: =IF(D66="","",IF(D66<0,"打日期",IF(D66*1440<=120,"J+2",IF(D66*1440<=240,"J+4",IF(D66*1440<=360,"J+6",IF(D66*1440<=480,"J+8","8以上"))))))
D67: =IF(OR(B67="",C67=""),"",ROUND((IF(C67<1,INT(B67)+C67,C67)-B67)*1440,0)/1440) | E67: =IF(D67="","",IF(D67<0,"打日期",IF(D67*1440<=120,"J+2",IF(D67*1440<=240,"J+4",IF(D67*1440<=360,"J+6",IF(D67*1440<=480,"J+8","8以上"))))))
D68: =IF(OR(B68="",C68=""),"",ROUND((IF(C68<1,INT(B68)+C68,C68)-B68)*1440,0)/1440) | E68: =IF(D68="","",IF(D68<0,"打日期",IF(D68*1440<=120,"J+2",IF(D68*1440<=240,"J+4",IF(D68*1440<=360,"J+6",IF(D68*1440<=480,"J+8","8以上"))))))
D69: =IF(OR(B69="",C69=""),"",ROUND((IF(C69<1,INT(B69)+C69,C69)-B69)*1440,0)/1440) | E69: =IF(D69="","",IF(D69<0,"打日期",IF(D69*1440<=120,"J+2",IF(D69*1440<=240,"J+4",IF(D69*1440<=360,"J+6",IF(D69*1440<=480,"J+8","8以上"))))))
D70: =IF(OR(B70="",C70=""),"",ROUND((IF(C70<1,INT(B70)+C70,C70)-B70)*1440,0)/1440) | E70: =IF(D70="","",IF(D70<0,"打日期",IF(D70*1440<=120,"J+2",IF(D70*1440<=240,"J+4",IF(D70*1440<=360,"J+6",IF(D70*1440<=480,"J+8","8以上"))))))
D71: =IF(OR(B71="",C71=""),"",ROUND((IF(C71<1,INT(B71)+C71,C71)-B71)*1440,0)/1440) | E71: =IF(D71="","",IF(D71<0,"打日期",IF(D71*1440<=120,"J+2",IF(D71*1440<=240,"J+4",IF(D71*1440<=360,"J+6",IF(D71*1440<=480,"J+8","8以上"))))))
D72: =IF(OR(B72="",C72=""),"",ROUND((IF(C72<1,INT(B72)+C72,C72)-B72)*1440,0)/1440) | E72: =IF(D72="","",IF(D72<0,"打日期",IF(D72*1440<=120,"J+2",IF(D72*1440<=240,"J+4",IF(D72*1440<=360,"J+6",IF(D72*1440<=480,"J+8","8以上"))))))
D73: =IF(OR(B73="",C73=""),"",ROUND((IF(C73<1,INT(B73)+C73,C73)-B73)*1440,0)/1440) | E73: =IF(D73="","",IF(D73<0,"打日期",IF(D73*1440<=120,"J+2",IF(D73*1440<=240,"J+4",IF(D73*1440<=360,"J+6",IF(D73*1440<=480,"J+8","8以上"))))))
D74: =IF(OR(B74="",C74=""),"",ROUND((IF(C74<1,INT(B74)+C74,C74)-B74)*1440,0)/1440) | E74: =IF(D74="","",IF(D74<0,"打日期",IF(D74*1440<=120,"J+2",IF(D74*1440<=240,"J+4",IF(D74*1440<=360,"J+6",IF(D74*1440<=480,"J+8","8以上"))))))
... D77: =IF(OR(B77="",C77=""),"",ROUND((IF(C77<1,INT(B77)+C77,C77)-B77)*1440,0)/1440) | E77: =IF(D77="","",IF(D77<0,"打日期",IF(D77*1440<=120,"J+2",IF(D77*1440<=240,"J+4",IF(D77*1440<=360,"J+6",IF(D77*1440<=480,"J+8","8以上"))))))
A78: 十大都市:( 11時前交寄之郵件) 台北市(100-110)、板橋市(220)、桃園市(330)、中壢市(含平鎮，320、324)、新竹市(300)、台中市(400-408)、彰化市(500)、嘉義市(600)、台南市(700-709)、高雄市(800-804、806、807)互寄者。
A80: 製表: | C80: 主管:

Sheet 07
A1: 中和郵局 抽測國內快捷情形報告單
G2: ='01'!G2 -> 115年 | H2: 7月
A3: 互寄地區 | C3: 抽測件數 | D3: J+2時 件數 | E3: J+2時 投遞率 | F3: J+4時 件數 | G3: J+4時 投遞率 | H3: J+6時 件數 | I3: J+6時 投遞率 | J3: J+8時 件數 | K3: J+8時 投遞率 | L3: 8時以上 件數 | M3: 8時以上 投遞率 | N3: 符合時效比例 | O3: 平均 (時)數
A4: 本收本投 | C4: =D4+F4+H4+J4+L4 -> 0 | D4: =COUNTIF(07子本!$E$3:$E$17,"J+2") -> 0 | E4: =IF($C4=0,"",D4/$C4) | F4: =COUNTIF(07子本!$E$3:$E$17,"J+4") -> 0 | G4: =IF($C4=0,"",F4/$C4) | H4: =COUNTIF(07子本!$E$3:$E$17,"J+6") -> 0 | I4: =IF($C4=0,"",H4/$C4) | J4: =COUNTIF(07子本!$E$3:$E$17,"J+8") -> 0 | K4: =IF($C4=0,"",J4/$C4) | L4: =COUNTIF(07子本!$E$3:$E$17,"8以上") -> 0 | M4: =IF($C4=0,"",L4/$C4) | N4: 1 | O4: =IF($C4=0,"",(D4*2+F4*4+H4*6+J4*8+L4*8)/$C4)
A5: 主要都市間互寄 | C5: =D5+F5+H5+J5+L5 -> 0 | D5: =COUNTIF(07子本!$E$23:$E$37,"J+2") -> 0 | E5: =IF($C5=0,"",D5/$C5) | F5: =COUNTIF(07子本!$E$23:$E$37,"J+4") -> 0 | G5: =IF($C5=0,"",F5/$C5) | H5: =COUNTIF(07子本!$E$23:$E$37,"J+6") -> 0 | I5: =IF($C5=0,"",H5/$C5) | J5: =COUNTIF(07子本!$E$23:$E$37,"J+8") -> 0 | K5: =IF($C5=0,"",J5/$C5) | L5: =COUNTIF(07子本!$E$23:$E$37,"8以上") -> 0 | M5: =IF($C5=0,"",L5/$C5) | N5: 1 | O5: =IF($C5=0,"",(D5*2+F5*4+H5*6+J5*8+L5*8)/$C5)
A6: 區域內互寄 (北北基、台中、高雄、中彰投地區) | C6: =D6+F6+H6+J6+L6 -> 0 | D6: =COUNTIF(07子本!$E$43:$E$57,"J+2") -> 0 | E6: =IF($C6=0,"",D6/$C6) | F6: =COUNTIF(07子本!$E$43:$E$57,"J+4") -> 0 | G6: =IF($C6=0,"",F6/$C6) | H6: =COUNTIF(07子本!$E$43:$E$57,"J+6") -> 0 | I6: =IF($C6=0,"",H6/$C6) | J6: =COUNTIF(07子本!$E$43:$E$57,"J+8") -> 0 | K6: =IF($C6=0,"",J6/$C6) | L6: =COUNTIF(07子本!$E$43:$E$57,"8以上") -> 0 | M6: =IF($C6=0,"",L6/$C6) | N6: 1 | O6: =IF($C6=0,"",(D6*2+F6*4+H6*6+J6*8+L6*8)/$C6)
A7: 其他轉口 | C7: =D7+F7+H7+J7+L7 -> 0 | D7: =COUNTIF(07子本!$E$63:$E$77,"J+2") -> 0 | E7: =IF($C7=0,"",D7/$C7) | F7: =COUNTIF(07子本!$E$63:$E$77,"J+4") -> 0 | G7: =IF($C7=0,"",F7/$C7) | H7: =COUNTIF(07子本!$E$63:$E$77,"J+6") -> 0 | I7: =IF($C7=0,"",H7/$C7) | J7: =COUNTIF(07子本!$E$63:$E$77,"J+8") -> 0 | K7: =IF($C7=0,"",J7/$C7) | L7: =COUNTIF(07子本!$E$63:$E$77,"8以上") -> 0 | M7: =IF($C7=0,"",L7/$C7) | N7: 1 | O7: =IF($C7=0,"",(D7*2+F7*4+H7*6+J7*8+L7*8)/$C7)
A8: 說明：
A9: 1 | B9: 為瞭解國內快捷郵件寄遞時效，各局快捷單位應透過MQ或本公司全球資訊網查詢系統抽測「本收本投」、「主要都市互寄」、「區域內互寄」、「其他轉口」4類，每月至少各10件（抽查紀錄列印或記錄郵件號碼留局備查，保存1年），抽測結果於次月5日前寄管轄郵局郵務科彙整，於8日前上傳主機。
A10: 2 | B10: 抽測樣本：本收本投以15時前交寄、主要都市互寄11時前交寄、區域間互寄13時前交寄之郵件抽測為主。
A11: 3 | B11: 寄遞時效：自「交寄郵件」到「郵件投遞中」之處理狀態時間計算，四小時以內者填「ｊ＋4時」欄；逾四小時不逾六小時者填「ｊ＋6時」欄，餘類推。抽測結果有不符合時效標準者，請將相關地名列出，並檢討改善。
A12: 4 | B12: 十大都市互寄係指台北市(100-110)、板橋市(220)、桃園市(330)、中壢市(含平鎮，320、324)、新竹市(300)、台中市(400-408)、彰化市(500)、嘉義市(600)、台南市(700-709)、高雄市(800-804、806、807)互寄者。該欄位僅由該十大都市互寄局就相關之郵件抽測情形填註。
A13: 5 | B13: 平均(時)數：((J+2小時投遞率)*2+(J+4小時投遞率)*4+(J+6小時投遞率)*6+(J+8小時投遞率)*8+(J+8小時以上投遞率)*8)/100。
B14: 製表: | F14: 主管:

Sheet 07子本
A1: ="中和郵務股"&'07'!$G$2&'07'!$H$2&"份 本口 快捷郵遞時效表" -> 中和郵務股115年7月份 本口 快捷郵遞時效表
A2: 郵件號碼 | B2: 交寄時間 | C2: 交投時間 | D2: 時數 | E2: 時效
D3: =IF(OR(B3="",C3=""),"",ROUND((IF(C3<1,INT(B3)+C3,C3)-B3)*1440,0)/1440) | E3: =IF(D3="","",IF(D3<0,"打日期",IF(D3*1440<=120,"J+2",IF(D3*1440<=240,"J+4",IF(D3*1440<=360,"J+6",IF(D3*1440<=480,"J+8","8以上"))))))
D4: =IF(OR(B4="",C4=""),"",ROUND((IF(C4<1,INT(B4)+C4,C4)-B4)*1440,0)/1440) | E4: =IF(D4="","",IF(D4<0,"打日期",IF(D4*1440<=120,"J+2",IF(D4*1440<=240,"J+4",IF(D4*1440<=360,"J+6",IF(D4*1440<=480,"J+8","8以上"))))))
D5: =IF(OR(B5="",C5=""),"",ROUND((IF(C5<1,INT(B5)+C5,C5)-B5)*1440,0)/1440) | E5: =IF(D5="","",IF(D5<0,"打日期",IF(D5*1440<=120,"J+2",IF(D5*1440<=240,"J+4",IF(D5*1440<=360,"J+6",IF(D5*1440<=480,"J+8","8以上"))))))
D6: =IF(OR(B6="",C6=""),"",ROUND((IF(C6<1,INT(B6)+C6,C6)-B6)*1440,0)/1440) | E6: =IF(D6="","",IF(D6<0,"打日期",IF(D6*1440<=120,"J+2",IF(D6*1440<=240,"J+4",IF(D6*1440<=360,"J+6",IF(D6*1440<=480,"J+8","8以上"))))))
D7: =IF(OR(B7="",C7=""),"",ROUND((IF(C7<1,INT(B7)+C7,C7)-B7)*1440,0)/1440) | E7: =IF(D7="","",IF(D7<0,"打日期",IF(D7*1440<=120,"J+2",IF(D7*1440<=240,"J+4",IF(D7*1440<=360,"J+6",IF(D7*1440<=480,"J+8","8以上"))))))
D8: =IF(OR(B8="",C8=""),"",ROUND((IF(C8<1,INT(B8)+C8,C8)-B8)*1440,0)/1440) | E8: =IF(D8="","",IF(D8<0,"打日期",IF(D8*1440<=120,"J+2",IF(D8*1440<=240,"J+4",IF(D8*1440<=360,"J+6",IF(D8*1440<=480,"J+8","8以上"))))))
D9: =IF(OR(B9="",C9=""),"",ROUND((IF(C9<1,INT(B9)+C9,C9)-B9)*1440,0)/1440) | E9: =IF(D9="","",IF(D9<0,"打日期",IF(D9*1440<=120,"J+2",IF(D9*1440<=240,"J+4",IF(D9*1440<=360,"J+6",IF(D9*1440<=480,"J+8","8以上"))))))
D10: =IF(OR(B10="",C10=""),"",ROUND((IF(C10<1,INT(B10)+C10,C10)-B10)*1440,0)/1440) | E10: =IF(D10="","",IF(D10<0,"打日期",IF(D10*1440<=120,"J+2",IF(D10*1440<=240,"J+4",IF(D10*1440<=360,"J+6",IF(D10*1440<=480,"J+8","8以上"))))))
D11: =IF(OR(B11="",C11=""),"",ROUND((IF(C11<1,INT(B11)+C11,C11)-B11)*1440,0)/1440) | E11: =IF(D11="","",IF(D11<0,"打日期",IF(D11*1440<=120,"J+2",IF(D11*1440<=240,"J+4",IF(D11*1440<=360,"J+6",IF(D11*1440<=480,"J+8","8以上"))))))
D12: =IF(OR(B12="",C12=""),"",ROUND((IF(C12<1,INT(B12)+C12,C12)-B12)*1440,0)/1440) | E12: =IF(D12="","",IF(D12<0,"打日期",IF(D12*1440<=120,"J+2",IF(D12*1440<=240,"J+4",IF(D12*1440<=360,"J+6",IF(D12*1440<=480,"J+8","8以上"))))))
D13: =IF(OR(B13="",C13=""),"",ROUND((IF(C13<1,INT(B13)+C13,C13)-B13)*1440,0)/1440) | E13: =IF(D13="","",IF(D13<0,"打日期",IF(D13*1440<=120,"J+2",IF(D13*1440<=240,"J+4",IF(D13*1440<=360,"J+6",IF(D13*1440<=480,"J+8","8以上"))))))
D14: =IF(OR(B14="",C14=""),"",ROUND((IF(C14<1,INT(B14)+C14,C14)-B14)*1440,0)/1440) | E14: =IF(D14="","",IF(D14<0,"打日期",IF(D14*1440<=120,"J+2",IF(D14*1440<=240,"J+4",IF(D14*1440<=360,"J+6",IF(D14*1440<=480,"J+8","8以上"))))))
... D17: =IF(OR(B17="",C17=""),"",ROUND((IF(C17<1,INT(B17)+C17,C17)-B17)*1440,0)/1440) | E17: =IF(D17="","",IF(D17<0,"打日期",IF(D17*1440<=120,"J+2",IF(D17*1440<=240,"J+4",IF(D17*1440<=360,"J+6",IF(D17*1440<=480,"J+8","8以上"))))))
A18: 本地互寄:( 15時前交寄之郵件) 板橋市22071~81、92
A20: 製表: | C20: 主管:
A21: ="中和郵務股"&'07'!$G$2&'07'!$H$2&"份 十大都會區 快捷郵遞時效表" -> 中和郵務股115年7月份 十大都會區 快捷郵遞時效表
A22: 郵件號碼 | B22: 交寄時間 | C22: 交投時間 | D22: 時數 | E22: 時效
D23: =IF(OR(B23="",C23=""),"",ROUND((IF(C23<1,INT(B23)+C23,C23)-B23)*1440,0)/1440) | E23: =IF(D23="","",IF(D23<0,"打日期",IF(D23*1440<=120,"J+2",IF(D23*1440<=240,"J+4",IF(D23*1440<=360,"J+6",IF(D23*1440<=480,"J+8","8以上"))))))
D24: =IF(OR(B24="",C24=""),"",ROUND((IF(C24<1,INT(B24)+C24,C24)-B24)*1440,0)/1440) | E24: =IF(D24="","",IF(D24<0,"打日期",IF(D24*1440<=120,"J+2",IF(D24*1440<=240,"J+4",IF(D24*1440<=360,"J+6",IF(D24*1440<=480,"J+8","8以上"))))))
D25: =IF(OR(B25="",C25=""),"",ROUND((IF(C25<1,INT(B25)+C25,C25)-B25)*1440,0)/1440) | E25: =IF(D25="","",IF(D25<0,"打日期",IF(D25*1440<=120,"J+2",IF(D25*1440<=240,"J+4",IF(D25*1440<=360,"J+6",IF(D25*1440<=480,"J+8","8以上"))))))
D26: =IF(OR(B26="",C26=""),"",ROUND((IF(C26<1,INT(B26)+C26,C26)-B26)*1440,0)/1440) | E26: =IF(D26="","",IF(D26<0,"打日期",IF(D26*1440<=120,"J+2",IF(D26*1440<=240,"J+4",IF(D26*1440<=360,"J+6",IF(D26*1440<=480,"J+8","8以上"))))))
D27: =IF(OR(B27="",C27=""),"",ROUND((IF(C27<1,INT(B27)+C27,C27)-B27)*1440,0)/1440) | E27: =IF(D27="","",IF(D27<0,"打日期",IF(D27*1440<=120,"J+2",IF(D27*1440<=240,"J+4",IF(D27*1440<=360,"J+6",IF(D27*1440<=480,"J+8","8以上"))))))
D28: =IF(OR(B28="",C28=""),"",ROUND((IF(C28<1,INT(B28)+C28,C28)-B28)*1440,0)/1440) | E28: =IF(D28="","",IF(D28<0,"打日期",IF(D28*1440<=120,"J+2",IF(D28*1440<=240,"J+4",IF(D28*1440<=360,"J+6",IF(D28*1440<=480,"J+8","8以上"))))))
D29: =IF(OR(B29="",C29=""),"",ROUND((IF(C29<1,INT(B29)+C29,C29)-B29)*1440,0)/1440) | E29: =IF(D29="","",IF(D29<0,"打日期",IF(D29*1440<=120,"J+2",IF(D29*1440<=240,"J+4",IF(D29*1440<=360,"J+6",IF(D29*1440<=480,"J+8","8以上"))))))
D30: =IF(OR(B30="",C30=""),"",ROUND((IF(C30<1,INT(B30)+C30,C30)-B30)*1440,0)/1440) | E30: =IF(D30="","",IF(D30<0,"打日期",IF(D30*1440<=120,"J+2",IF(D30*1440<=240,"J+4",IF(D30*1440<=360,"J+6",IF(D30*1440<=480,"J+8","8以上"))))))
D31: =IF(OR(B31="",C31=""),"",ROUND((IF(C31<1,INT(B31)+C31,C31)-B31)*1440,0)/1440) | E31: =IF(D31="","",IF(D31<0,"打日期",IF(D31*1440<=120,"J+2",IF(D31*1440<=240,"J+4",IF(D31*1440<=360,"J+6",IF(D31*1440<=480,"J+8","8以上"))))))
D32: =IF(OR(B32="",C32=""),"",ROUND((IF(C32<1,INT(B32)+C32,C32)-B32)*1440,0)/1440) | E32: =IF(D32="","",IF(D32<0,"打日期",IF(D32*1440<=120,"J+2",IF(D32*1440<=240,"J+4",IF(D32*1440<=360,"J+6",IF(D32*1440<=480,"J+8","8以上"))))))
D33: =IF(OR(B33="",C33=""),"",ROUND((IF(C33<1,INT(B33)+C33,C33)-B33)*1440,0)/1440) | E33: =IF(D33="","",IF(D33<0,"打日期",IF(D33*1440<=120,"J+2",IF(D33*1440<=240,"J+4",IF(D33*1440<=360,"J+6",IF(D33*1440<=480,"J+8","8以上"))))))
D34: =IF(OR(B34="",C34=""),"",ROUND((IF(C34<1,INT(B34)+C34,C34)-B34)*1440,0)/1440) | E34: =IF(D34="","",IF(D34<0,"打日期",IF(D34*1440<=120,"J+2",IF(D34*1440<=240,"J+4",IF(D34*1440<=360,"J+6",IF(D34*1440<=480,"J+8","8以上"))))))
... D37: =IF(OR(B37="",C37=""),"",ROUND((IF(C37<1,INT(B37)+C37,C37)-B37)*1440,0)/1440) | E37: =IF(D37="","",IF(D37<0,"打日期",IF(D37*1440<=120,"J+2",IF(D37*1440<=240,"J+4",IF(D37*1440<=360,"J+6",IF(D37*1440<=480,"J+8","8以上"))))))
A38: 十大都市:( 11時前交寄之郵件) 台北市(100-110)、基隆市(200~206)、桃園市(330)、中壢市(含平鎮，320、324)、台中市(400-408)、彰化市(500)、嘉義市(600)、台南市(700-709)、高雄市(800-804、806、807)互寄者。
A40: 製表: | C40: 主管:
A41: ="中和郵務股"&'07'!$G$2&'07'!$H$2&"份 區域內互寄 快捷郵遞時效表" -> 中和郵務股115年7月份 區域內互寄 快捷郵遞時效表
A42: 郵件號碼 | B42: 交寄時間 | C42: 交投時間 | D42: 時數 | E42: 時效
D43: =IF(OR(B43="",C43=""),"",ROUND((IF(C43<1,INT(B43)+C43,C43)-B43)*1440,0)/1440) | E43: =IF(D43="","",IF(D43<0,"打日期",IF(D43*1440<=120,"J+2",IF(D43*1440<=240,"J+4",IF(D43*1440<=360,"J+6",IF(D43*1440<=480,"J+8","8以上"))))))
D44: =IF(OR(B44="",C44=""),"",ROUND((IF(C44<1,INT(B44)+C44,C44)-B44)*1440,0)/1440) | E44: =IF(D44="","",IF(D44<0,"打日期",IF(D44*1440<=120,"J+2",IF(D44*1440<=240,"J+4",IF(D44*1440<=360,"J+6",IF(D44*1440<=480,"J+8","8以上"))))))
D45: =IF(OR(B45="",C45=""),"",ROUND((IF(C45<1,INT(B45)+C45,C45)-B45)*1440,0)/1440) | E45: =IF(D45="","",IF(D45<0,"打日期",IF(D45*1440<=120,"J+2",IF(D45*1440<=240,"J+4",IF(D45*1440<=360,"J+6",IF(D45*1440<=480,"J+8","8以上"))))))
D46: =IF(OR(B46="",C46=""),"",ROUND((IF(C46<1,INT(B46)+C46,C46)-B46)*1440,0)/1440) | E46: =IF(D46="","",IF(D46<0,"打日期",IF(D46*1440<=120,"J+2",IF(D46*1440<=240,"J+4",IF(D46*1440<=360,"J+6",IF(D46*1440<=480,"J+8","8以上"))))))
D47: =IF(OR(B47="",C47=""),"",ROUND((IF(C47<1,INT(B47)+C47,C47)-B47)*1440,0)/1440) | E47: =IF(D47="","",IF(D47<0,"打日期",IF(D47*1440<=120,"J+2",IF(D47*1440<=240,"J+4",IF(D47*1440<=360,"J+6",IF(D47*1440<=480,"J+8","8以上"))))))
D48: =IF(OR(B48="",C48=""),"",ROUND((IF(C48<1,INT(B48)+C48,C48)-B48)*1440,0)/1440) | E48: =IF(D48="","",IF(D48<0,"打日期",IF(D48*1440<=120,"J+2",IF(D48*1440<=240,"J+4",IF(D48*1440<=360,"J+6",IF(D48*1440<=480,"J+8","8以上"))))))
D49: =IF(OR(B49="",C49=""),"",ROUND((IF(C49<1,INT(B49)+C49,C49)-B49)*1440,0)/1440) | E49: =IF(D49="","",IF(D49<0,"打日期",IF(D49*1440<=120,"J+2",IF(D49*1440<=240,"J+4",IF(D49*1440<=360,"J+6",IF(D49*1440<=480,"J+8","8以上"))))))
D50: =IF(OR(B50="",C50=""),"",ROUND((IF(C50<1,INT(B50)+C50,C50)-B50)*1440,0)/1440) | E50: =IF(D50="","",IF(D50<0,"打日期",IF(D50*1440<=120,"J+2",IF(D50*1440<=240,"J+4",IF(D50*1440<=360,"J+6",IF(D50*1440<=480,"J+8","8以上"))))))
D51: =IF(OR(B51="",C51=""),"",ROUND((IF(C51<1,INT(B51)+C51,C51)-B51)*1440,0)/1440) | E51: =IF(D51="","",IF(D51<0,"打日期",IF(D51*1440<=120,"J+2",IF(D51*1440<=240,"J+4",IF(D51*1440<=360,"J+6",IF(D51*1440<=480,"J+8","8以上"))))))
D52: =IF(OR(B52="",C52=""),"",ROUND((IF(C52<1,INT(B52)+C52,C52)-B52)*1440,0)/1440) | E52: =IF(D52="","",IF(D52<0,"打日期",IF(D52*1440<=120,"J+2",IF(D52*1440<=240,"J+4",IF(D52*1440<=360,"J+6",IF(D52*1440<=480,"J+8","8以上"))))))
D53: =IF(OR(B53="",C53=""),"",ROUND((IF(C53<1,INT(B53)+C53,C53)-B53)*1440,0)/1440) | E53: =IF(D53="","",IF(D53<0,"打日期",IF(D53*1440<=120,"J+2",IF(D53*1440<=240,"J+4",IF(D53*1440<=360,"J+6",IF(D53*1440<=480,"J+8","8以上"))))))
D54: =IF(OR(B54="",C54=""),"",ROUND((IF(C54<1,INT(B54)+C54,C54)-B54)*1440,0)/1440) | E54: =IF(D54="","",IF(D54<0,"打日期",IF(D54*1440<=120,"J+2",IF(D54*1440<=240,"J+4",IF(D54*1440<=360,"J+6",IF(D54*1440<=480,"J+8","8以上"))))))
... D57: =IF(OR(B57="",C57=""),"",ROUND((IF(C57<1,INT(B57)+C57,C57)-B57)*1440,0)/1440) | E57: =IF(D57="","",IF(D57<0,"打日期",IF(D57*1440<=120,"J+2",IF(D57*1440<=240,"J+4",IF(D57*1440<=360,"J+6",IF(D57*1440<=480,"J+8","8以上"))))))
A58: 區域互寄:( 13時前交寄之郵件) 220、241、360、420
A60: 製表: | C60: 主管:
A61: ="中和郵務股"&'07'!$G$2&'07'!$H$2&"份 轉口 快捷郵遞時效表" -> 中和郵務股115年7月份 轉口 快捷郵遞時效表
A62: 郵件號碼 | B62: 交寄時間 | C62: 交投時間 | D62: 時數 | E62: 時效
D63: =IF(OR(B63="",C63=""),"",ROUND((IF(C63<1,INT(B63)+C63,C63)-B63)*1440,0)/1440) | E63: =IF(D63="","",IF(D63<0,"打日期",IF(D63*1440<=120,"J+2",IF(D63*1440<=240,"J+4",IF(D63*1440<=360,"J+6",IF(D63*1440<=480,"J+8","8以上"))))))
D64: =IF(OR(B64="",C64=""),"",ROUND((IF(C64<1,INT(B64)+C64,C64)-B64)*1440,0)/1440) | E64: =IF(D64="","",IF(D64<0,"打日期",IF(D64*1440<=120,"J+2",IF(D64*1440<=240,"J+4",IF(D64*1440<=360,"J+6",IF(D64*1440<=480,"J+8","8以上"))))))
D65: =IF(OR(B65="",C65=""),"",ROUND((IF(C65<1,INT(B65)+C65,C65)-B65)*1440,0)/1440) | E65: =IF(D65="","",IF(D65<0,"打日期",IF(D65*1440<=120,"J+2",IF(D65*1440<=240,"J+4",IF(D65*1440<=360,"J+6",IF(D65*1440<=480,"J+8","8以上"))))))
D66: =IF(OR(B66="",C66=""),"",ROUND((IF(C66<1,INT(B66)+C66,C66)-B66)*1440,0)/1440) | E66: =IF(D66="","",IF(D66<0,"打日期",IF(D66*1440<=120,"J+2",IF(D66*1440<=240,"J+4",IF(D66*1440<=360,"J+6",IF(D66*1440<=480,"J+8","8以上"))))))
D67: =IF(OR(B67="",C67=""),"",ROUND((IF(C67<1,INT(B67)+C67,C67)-B67)*1440,0)/1440) | E67: =IF(D67="","",IF(D67<0,"打日期",IF(D67*1440<=120,"J+2",IF(D67*1440<=240,"J+4",IF(D67*1440<=360,"J+6",IF(D67*1440<=480,"J+8","8以上"))))))
D68: =IF(OR(B68="",C68=""),"",ROUND((IF(C68<1,INT(B68)+C68,C68)-B68)*1440,0)/1440) | E68: =IF(D68="","",IF(D68<0,"打日期",IF(D68*1440<=120,"J+2",IF(D68*1440<=240,"J+4",IF(D68*1440<=360,"J+6",IF(D68*1440<=480,"J+8","8以上"))))))
D69: =IF(OR(B69="",C69=""),"",ROUND((IF(C69<1,INT(B69)+C69,C69)-B69)*1440,0)/1440) | E69: =IF(D69="","",IF(D69<0,"打日期",IF(D69*1440<=120,"J+2",IF(D69*1440<=240,"J+4",IF(D69*1440<=360,"J+6",IF(D69*1440<=480,"J+8","8以上"))))))
D70: =IF(OR(B70="",C70=""),"",ROUND((IF(C70<1,INT(B70)+C70,C70)-B70)*1440,0)/1440) | E70: =IF(D70="","",IF(D70<0,"打日期",IF(D70*1440<=120,"J+2",IF(D70*1440<=240,"J+4",IF(D70*1440<=360,"J+6",IF(D70*1440<=480,"J+8","8以上"))))))
D71: =IF(OR(B71="",C71=""),"",ROUND((IF(C71<1,INT(B71)+C71,C71)-B71)*1440,0)/1440) | E71: =IF(D71="","",IF(D71<0,"打日期",IF(D71*1440<=120,"J+2",IF(D71*1440<=240,"J+4",IF(D71*1440<=360,"J+6",IF(D71*1440<=480,"J+8","8以上"))))))
D72: =IF(OR(B72="",C72=""),"",ROUND((IF(C72<1,INT(B72)+C72,C72)-B72)*1440,0)/1440) | E72: =IF(D72="","",IF(D72<0,"打日期",IF(D72*1440<=120,"J+2",IF(D72*1440<=240,"J+4",IF(D72*1440<=360,"J+6",IF(D72*1440<=480,"J+8","8以上"))))))
D73: =IF(OR(B73="",C73=""),"",ROUND((IF(C73<1,INT(B73)+C73,C73)-B73)*1440,0)/1440) | E73: =IF(D73="","",IF(D73<0,"打日期",IF(D73*1440<=120,"J+2",IF(D73*1440<=240,"J+4",IF(D73*1440<=360,"J+6",IF(D73*1440<=480,"J+8","8以上"))))))
D74: =IF(OR(B74="",C74=""),"",ROUND((IF(C74<1,INT(B74)+C74,C74)-B74)*1440,0)/1440) | E74: =IF(D74="","",IF(D74<0,"打日期",IF(D74*1440<=120,"J+2",IF(D74*1440<=240,"J+4",IF(D74*1440<=360,"J+6",IF(D74*1440<=480,"J+8","8以上"))))))
... D77: =IF(OR(B77="",C77=""),"",ROUND((IF(C77<1,INT(B77)+C77,C77)-B77)*1440,0)/1440) | E77: =IF(D77="","",IF(D77<0,"打日期",IF(D77*1440<=120,"J+2",IF(D77*1440<=240,"J+4",IF(D77*1440<=360,"J+6",IF(D77*1440<=480,"J+8","8以上"))))))
A78: 十大都市:( 11時前交寄之郵件) 台北市(100-110)、板橋市(220)、桃園市(330)、中壢市(含平鎮，320、324)、新竹市(300)、台中市(400-408)、彰化市(500)、嘉義市(600)、台南市(700-709)、高雄市(800-804、806、807)互寄者。
A80: 製表: | C80: 主管:

Sheet 08
A1: 中和郵局 抽測國內快捷情形報告單
G2: ='01'!G2 -> 115年 | H2: 8月
A3: 互寄地區 | C3: 抽測件數 | D3: J+2時 件數 | E3: J+2時 投遞率 | F3: J+4時 件數 | G3: J+4時 投遞率 | H3: J+6時 件數 | I3: J+6時 投遞率 | J3: J+8時 件數 | K3: J+8時 投遞率 | L3: 8時以上 件數 | M3: 8時以上 投遞率 | N3: 符合時效比例 | O3: 平均 (時)數
A4: 本收本投 | C4: =D4+F4+H4+J4+L4 -> 0 | D4: =COUNTIF(08子本!$E$3:$E$17,"J+2") -> 0 | E4: =IF($C4=0,"",D4/$C4) | F4: =COUNTIF(08子本!$E$3:$E$17,"J+4") -> 0 | G4: =IF($C4=0,"",F4/$C4) | H4: =COUNTIF(08子本!$E$3:$E$17,"J+6") -> 0 | I4: =IF($C4=0,"",H4/$C4) | J4: =COUNTIF(08子本!$E$3:$E$17,"J+8") -> 0 | K4: =IF($C4=0,"",J4/$C4) | L4: =COUNTIF(08子本!$E$3:$E$17,"8以上") -> 0 | M4: =IF($C4=0,"",L4/$C4) | N4: 1 | O4: =IF($C4=0,"",(D4*2+F4*4+H4*6+J4*8+L4*8)/$C4)
A5: 主要都市間互寄 | C5: =D5+F5+H5+J5+L5 -> 0 | D5: =COUNTIF(08子本!$E$23:$E$37,"J+2") -> 0 | E5: =IF($C5=0,"",D5/$C5) | F5: =COUNTIF(08子本!$E$23:$E$37,"J+4") -> 0 | G5: =IF($C5=0,"",F5/$C5) | H5: =COUNTIF(08子本!$E$23:$E$37,"J+6") -> 0 | I5: =IF($C5=0,"",H5/$C5) | J5: =COUNTIF(08子本!$E$23:$E$37,"J+8") -> 0 | K5: =IF($C5=0,"",J5/$C5) | L5: =COUNTIF(08子本!$E$23:$E$37,"8以上") -> 0 | M5: =IF($C5=0,"",L5/$C5) | N5: 1 | O5: =IF($C5=0,"",(D5*2+F5*4+H5*6+J5*8+L5*8)/$C5)
A6: 區域內互寄 (北北基、台中、高雄、中彰投地區) | C6: =D6+F6+H6+J6+L6 -> 0 | D6: =COUNTIF(08子本!$E$43:$E$57,"J+2") -> 0 | E6: =IF($C6=0,"",D6/$C6) | F6: =COUNTIF(08子本!$E$43:$E$57,"J+4") -> 0 | G6: =IF($C6=0,"",F6/$C6) | H6: =COUNTIF(08子本!$E$43:$E$57,"J+6") -> 0 | I6: =IF($C6=0,"",H6/$C6) | J6: =COUNTIF(08子本!$E$43:$E$57,"J+8") -> 0 | K6: =IF($C6=0,"",J6/$C6) | L6: =COUNTIF(08子本!$E$43:$E$57,"8以上") -> 0 | M6: =IF($C6=0,"",L6/$C6) | N6: 1 | O6: =IF($C6=0,"",(D6*2+F6*4+H6*6+J6*8+L6*8)/$C6)
A7: 其他轉口 | C7: =D7+F7+H7+J7+L7 -> 0 | D7: =COUNTIF(08子本!$E$63:$E$77,"J+2") -> 0 | E7: =IF($C7=0,"",D7/$C7) | F7: =COUNTIF(08子本!$E$63:$E$77,"J+4") -> 0 | G7: =IF($C7=0,"",F7/$C7) | H7: =COUNTIF(08子本!$E$63:$E$77,"J+6") -> 0 | I7: =IF($C7=0,"",H7/$C7) | J7: =COUNTIF(08子本!$E$63:$E$77,"J+8") -> 0 | K7: =IF($C7=0,"",J7/$C7) | L7: =COUNTIF(08子本!$E$63:$E$77,"8以上") -> 0 | M7: =IF($C7=0,"",L7/$C7) | N7: 1 | O7: =IF($C7=0,"",(D7*2+F7*4+H7*6+J7*8+L7*8)/$C7)
A8: 說明：
A9: 1 | B9: 為瞭解國內快捷郵件寄遞時效，各局快捷單位應透過MQ或本公司全球資訊網查詢系統抽測「本收本投」、「主要都市互寄」、「區域內互寄」、「其他轉口」4類，每月至少各10件（抽查紀錄列印或記錄郵件號碼留局備查，保存1年），抽測結果於次月5日前寄管轄郵局郵務科彙整，於8日前上傳主機。
A10: 2 | B10: 抽測樣本：本收本投以15時前交寄、主要都市互寄11時前交寄、區域間互寄13時前交寄之郵件抽測為主。
A11: 3 | B11: 寄遞時效：自「交寄郵件」到「郵件投遞中」之處理狀態時間計算，四小時以內者填「ｊ＋4時」欄；逾四小時不逾六小時者填「ｊ＋6時」欄，餘類推。抽測結果有不符合時效標準者，請將相關地名列出，並檢討改善。
A12: 4 | B12: 十大都市互寄係指台北市(100-110)、板橋市(220)、桃園市(330)、中壢市(含平鎮，320、324)、新竹市(300)、台中市(400-408)、彰化市(500)、嘉義市(600)、台南市(700-709)、高雄市(800-804、806、807)互寄者。該欄位僅由該十大都市互寄局就相關之郵件抽測情形填註。
A13: 5 | B13: 平均(時)數：((J+2小時投遞率)*2+(J+4小時投遞率)*4+(J+6小時投遞率)*6+(J+8小時投遞率)*8+(J+8小時以上投遞率)*8)/100。
B14: 製表: | F14: 主管:

Sheet 08子本
A1: ="中和郵務股"&'08'!$G$2&'08'!$H$2&"份 本口 快捷郵遞時效表" -> 中和郵務股115年8月份 本口 快捷郵遞時效表
A2: 郵件號碼 | B2: 交寄時間 | C2: 交投時間 | D2: 時數 | E2: 時效
D3: =IF(OR(B3="",C3=""),"",ROUND((IF(C3<1,INT(B3)+C3,C3)-B3)*1440,0)/1440) | E3: =IF(D3="","",IF(D3<0,"打日期",IF(D3*1440<=120,"J+2",IF(D3*1440<=240,"J+4",IF(D3*1440<=360,"J+6",IF(D3*1440<=480,"J+8","8以上"))))))
D4: =IF(OR(B4="",C4=""),"",ROUND((IF(C4<1,INT(B4)+C4,C4)-B4)*1440,0)/1440) | E4: =IF(D4="","",IF(D4<0,"打日期",IF(D4*1440<=120,"J+2",IF(D4*1440<=240,"J+4",IF(D4*1440<=360,"J+6",IF(D4*1440<=480,"J+8","8以上"))))))
D5: =IF(OR(B5="",C5=""),"",ROUND((IF(C5<1,INT(B5)+C5,C5)-B5)*1440,0)/1440) | E5: =IF(D5="","",IF(D5<0,"打日期",IF(D5*1440<=120,"J+2",IF(D5*1440<=240,"J+4",IF(D5*1440<=360,"J+6",IF(D5*1440<=480,"J+8","8以上"))))))
D6: =IF(OR(B6="",C6=""),"",ROUND((IF(C6<1,INT(B6)+C6,C6)-B6)*1440,0)/1440) | E6: =IF(D6="","",IF(D6<0,"打日期",IF(D6*1440<=120,"J+2",IF(D6*1440<=240,"J+4",IF(D6*1440<=360,"J+6",IF(D6*1440<=480,"J+8","8以上"))))))
D7: =IF(OR(B7="",C7=""),"",ROUND((IF(C7<1,INT(B7)+C7,C7)-B7)*1440,0)/1440) | E7: =IF(D7="","",IF(D7<0,"打日期",IF(D7*1440<=120,"J+2",IF(D7*1440<=240,"J+4",IF(D7*1440<=360,"J+6",IF(D7*1440<=480,"J+8","8以上"))))))
D8: =IF(OR(B8="",C8=""),"",ROUND((IF(C8<1,INT(B8)+C8,C8)-B8)*1440,0)/1440) | E8: =IF(D8="","",IF(D8<0,"打日期",IF(D8*1440<=120,"J+2",IF(D8*1440<=240,"J+4",IF(D8*1440<=360,"J+6",IF(D8*1440<=480,"J+8","8以上"))))))
D9: =IF(OR(B9="",C9=""),"",ROUND((IF(C9<1,INT(B9)+C9,C9)-B9)*1440,0)/1440) | E9: =IF(D9="","",IF(D9<0,"打日期",IF(D9*1440<=120,"J+2",IF(D9*1440<=240,"J+4",IF(D9*1440<=360,"J+6",IF(D9*1440<=480,"J+8","8以上"))))))
D10: =IF(OR(B10="",C10=""),"",ROUND((IF(C10<1,INT(B10)+C10,C10)-B10)*1440,0)/1440) | E10: =IF(D10="","",IF(D10<0,"打日期",IF(D10*1440<=120,"J+2",IF(D10*1440<=240,"J+4",IF(D10*1440<=360,"J+6",IF(D10*1440<=480,"J+8","8以上"))))))
D11: =IF(OR(B11="",C11=""),"",ROUND((IF(C11<1,INT(B11)+C11,C11)-B11)*1440,0)/1440) | E11: =IF(D11="","",IF(D11<0,"打日期",IF(D11*1440<=120,"J+2",IF(D11*1440<=240,"J+4",IF(D11*1440<=360,"J+6",IF(D11*1440<=480,"J+8","8以上"))))))
D12: =IF(OR(B12="",C12=""),"",ROUND((IF(C12<1,INT(B12)+C12,C12)-B12)*1440,0)/1440) | E12: =IF(D12="","",IF(D12<0,"打日期",IF(D12*1440<=120,"J+2",IF(D12*1440<=240,"J+4",IF(D12*1440<=360,"J+6",IF(D12*1440<=480,"J+8","8以上"))))))
D13: =IF(OR(B13="",C13=""),"",ROUND((IF(C13<1,INT(B13)+C13,C13)-B13)*1440,0)/1440) | E13: =IF(D13="","",IF(D13<0,"打日期",IF(D13*1440<=120,"J+2",IF(D13*1440<=240,"J+4",IF(D13*1440<=360,"J+6",IF(D13*1440<=480,"J+8","8以上"))))))
D14: =IF(OR(B14="",C14=""),"",ROUND((IF(C14<1,INT(B14)+C14,C14)-B14)*1440,0)/1440) | E14: =IF(D14="","",IF(D14<0,"打日期",IF(D14*1440<=120,"J+2",IF(D14*1440<=240,"J+4",IF(D14*1440<=360,"J+6",IF(D14*1440<=480,"J+8","8以上"))))))
... D17: =IF(OR(B17="",C17=""),"",ROUND((IF(C17<1,INT(B17)+C17,C17)-B17)*1440,0)/1440) | E17: =IF(D17="","",IF(D17<0,"打日期",IF(D17*1440<=120,"J+2",IF(D17*1440<=240,"J+4",IF(D17*1440<=360,"J+6",IF(D17*1440<=480,"J+8","8以上"))))))
A18: 本地互寄:( 15時前交寄之郵件) 板橋市22071~81、92
A20: 製表: | C20: 主管:
A21: ="中和郵務股"&'08'!$G$2&'08'!$H$2&"份 十大都會區 快捷郵遞時效表" -> 中和郵務股115年8月份 十大都會區 快捷郵遞時效表
A22: 郵件號碼 | B22: 交寄時間 | C22: 交投時間 | D22: 時數 | E22: 時效
D23: =IF(OR(B23="",C23=""),"",ROUND((IF(C23<1,INT(B23)+C23,C23)-B23)*1440,0)/1440) | E23: =IF(D23="","",IF(D23<0,"打日期",IF(D23*1440<=120,"J+2",IF(D23*1440<=240,"J+4",IF(D23*1440<=360,"J+6",IF(D23*1440<=480,"J+8","8以上"))))))
D24: =IF(OR(B24="",C24=""),"",ROUND((IF(C24<1,INT(B24)+C24,C24)-B24)*1440,0)/1440) | E24: =IF(D24="","",IF(D24<0,"打日期",IF(D24*1440<=120,"J+2",IF(D24*1440<=240,"J+4",IF(D24*1440<=360,"J+6",IF(D24*1440<=480,"J+8","8以上"))))))
D25: =IF(OR(B25="",C25=""),"",ROUND((IF(C25<1,INT(B25)+C25,C25)-B25)*1440,0)/1440) | E25: =IF(D25="","",IF(D25<0,"打日期",IF(D25*1440<=120,"J+2",IF(D25*1440<=240,"J+4",IF(D25*1440<=360,"J+6",IF(D25*1440<=480,"J+8","8以上"))))))
D26: =IF(OR(B26="",C26=""),"",ROUND((IF(C26<1,INT(B26)+C26,C26)-B26)*1440,0)/1440) | E26: =IF(D26="","",IF(D26<0,"打日期",IF(D26*1440<=120,"J+2",IF(D26*1440<=240,"J+4",IF(D26*1440<=360,"J+6",IF(D26*1440<=480,"J+8","8以上"))))))
D27: =IF(OR(B27="",C27=""),"",ROUND((IF(C27<1,INT(B27)+C27,C27)-B27)*1440,0)/1440) | E27: =IF(D27="","",IF(D27<0,"打日期",IF(D27*1440<=120,"J+2",IF(D27*1440<=240,"J+4",IF(D27*1440<=360,"J+6",IF(D27*1440<=480,"J+8","8以上"))))))
D28: =IF(OR(B28="",C28=""),"",ROUND((IF(C28<1,INT(B28)+C28,C28)-B28)*1440,0)/1440) | E28: =IF(D28="","",IF(D28<0,"打日期",IF(D28*1440<=120,"J+2",IF(D28*1440<=240,"J+4",IF(D28*1440<=360,"J+6",IF(D28*1440<=480,"J+8","8以上"))))))
D29: =IF(OR(B29="",C29=""),"",ROUND((IF(C29<1,INT(B29)+C29,C29)-B29)*1440,0)/1440) | E29: =IF(D29="","",IF(D29<0,"打日期",IF(D29*1440<=120,"J+2",IF(D29*1440<=240,"J+4",IF(D29*1440<=360,"J+6",IF(D29*1440<=480,"J+8","8以上"))))))
D30: =IF(OR(B30="",C30=""),"",ROUND((IF(C30<1,INT(B30)+C30,C30)-B30)*1440,0)/1440) | E30: =IF(D30="","",IF(D30<0,"打日期",IF(D30*1440<=120,"J+2",IF(D30*1440<=240,"J+4",IF(D30*1440<=360,"J+6",IF(D30*1440<=480,"J+8","8以上"))))))
D31: =IF(OR(B31="",C31=""),"",ROUND((IF(C31<1,INT(B31)+C31,C31)-B31)*1440,0)/1440) | E31: =IF(D31="","",IF(D31<0,"打日期",IF(D31*1440<=120,"J+2",IF(D31*1440<=240,"J+4",IF(D31*1440<=360,"J+6",IF(D31*1440<=480,"J+8","8以上"))))))
D32: =IF(OR(B32="",C32=""),"",ROUND((IF(C32<1,INT(B32)+C32,C32)-B32)*1440,0)/1440) | E32: =IF(D32="","",IF(D32<0,"打日期",IF(D32*1440<=120,"J+2",IF(D32*1440<=240,"J+4",IF(D32*1440<=360,"J+6",IF(D32*1440<=480,"J+8","8以上"))))))
D33: =IF(OR(B33="",C33=""),"",ROUND((IF(C33<1,INT(B33)+C33,C33)-B33)*1440,0)/1440) | E33: =IF(D33="","",IF(D33<0,"打日期",IF(D33*1440<=120,"J+2",IF(D33*1440<=240,"J+4",IF(D33*1440<=360,"J+6",IF(D33*1440<=480,"J+8","8以上"))))))
D34: =IF(OR(B34="",C34=""),"",ROUND((IF(C34<1,INT(B34)+C34,C34)-B34)*1440,0)/1440) | E34: =IF(D34="","",IF(D34<0,"打日期",IF(D34*1440<=120,"J+2",IF(D34*1440<=240,"J+4",IF(D34*1440<=360,"J+6",IF(D34*1440<=480,"J+8","8以上"))))))
... D37: =IF(OR(B37="",C37=""),"",ROUND((IF(C37<1,INT(B37)+C37,C37)-B37)*1440,0)/1440) | E37: =IF(D37="","",IF(D37<0,"打日期",IF(D37*1440<=120,"J+2",IF(D37*1440<=240,"J+4",IF(D37*1440<=360,"J+6",IF(D37*1440<=480,"J+8","8以上"))))))
A38: 十大都市:( 11時前交寄之郵件) 台北市(100-110)、基隆市(200~206)、桃園市(330)、中壢市(含平鎮，320、324)、台中市(400-408)、彰化市(500)、嘉義市(600)、台南市(700-709)、高雄市(800-804、806、807)互寄者。
A40: 製表: | C40: 主管:
A41: ="中和郵務股"&'08'!$G$2&'08'!$H$2&"份 區域內互寄 快捷郵遞時效表" -> 中和郵務股115年8月份 區域內互寄 快捷郵遞時效表
A42: 郵件號碼 | B42: 交寄時間 | C42: 交投時間 | D42: 時數 | E42: 時效
D43: =IF(OR(B43="",C43=""),"",ROUND((IF(C43<1,INT(B43)+C43,C43)-B43)*1440,0)/1440) | E43: =IF(D43="","",IF(D43<0,"打日期",IF(D43*1440<=120,"J+2",IF(D43*1440<=240,"J+4",IF(D43*1440<=360,"J+6",IF(D43*1440<=480,"J+8","8以上"))))))
D44: =IF(OR(B44="",C44=""),"",ROUND((IF(C44<1,INT(B44)+C44,C44)-B44)*1440,0)/1440) | E44: =IF(D44="","",IF(D44<0,"打日期",IF(D44*1440<=120,"J+2",IF(D44*1440<=240,"J+4",IF(D44*1440<=360,"J+6",IF(D44*1440<=480,"J+8","8以上"))))))
D45: =IF(OR(B45="",C45=""),"",ROUND((IF(C45<1,INT(B45)+C45,C45)-B45)*1440,0)/1440) | E45: =IF(D45="","",IF(D45<0,"打日期",IF(D45*1440<=120,"J+2",IF(D45*1440<=240,"J+4",IF(D45*1440<=360,"J+6",IF(D45*1440<=480,"J+8","8以上"))))))
D46: =IF(OR(B46="",C46=""),"",ROUND((IF(C46<1,INT(B46)+C46,C46)-B46)*1440,0)/1440) | E46: =IF(D46="","",IF(D46<0,"打日期",IF(D46*1440<=120,"J+2",IF(D46*1440<=240,"J+4",IF(D46*1440<=360,"J+6",IF(D46*1440<=480,"J+8","8以上"))))))
D47: =IF(OR(B47="",C47=""),"",ROUND((IF(C47<1,INT(B47)+C47,C47)-B47)*1440,0)/1440) | E47: =IF(D47="","",IF(D47<0,"打日期",IF(D47*1440<=120,"J+2",IF(D47*1440<=240,"J+4",IF(D47*1440<=360,"J+6",IF(D47*1440<=480,"J+8","8以上"))))))
D48: =IF(OR(B48="",C48=""),"",ROUND((IF(C48<1,INT(B48)+C48,C48)-B48)*1440,0)/1440) | E48: =IF(D48="","",IF(D48<0,"打日期",IF(D48*1440<=120,"J+2",IF(D48*1440<=240,"J+4",IF(D48*1440<=360,"J+6",IF(D48*1440<=480,"J+8","8以上"))))))
D49: =IF(OR(B49="",C49=""),"",ROUND((IF(C49<1,INT(B49)+C49,C49)-B49)*1440,0)/1440) | E49: =IF(D49="","",IF(D49<0,"打日期",IF(D49*1440<=120,"J+2",IF(D49*1440<=240,"J+4",IF(D49*1440<=360,"J+6",IF(D49*1440<=480,"J+8","8以上"))))))
D50: =IF(OR(B50="",C50=""),"",ROUND((IF(C50<1,INT(B50)+C50,C50)-B50)*1440,0)/1440) | E50: =IF(D50="","",IF(D50<0,"打日期",IF(D50*1440<=120,"J+2",IF(D50*1440<=240,"J+4",IF(D50*1440<=360,"J+6",IF(D50*1440<=480,"J+8","8以上"))))))
D51: =IF(OR(B51="",C51=""),"",ROUND((IF(C51<1,INT(B51)+C51,C51)-B51)*1440,0)/1440) | E51: =IF(D51="","",IF(D51<0,"打日期",IF(D51*1440<=120,"J+2",IF(D51*1440<=240,"J+4",IF(D51*1440<=360,"J+6",IF(D51*1440<=480,"J+8","8以上"))))))
D52: =IF(OR(B52="",C52=""),"",ROUND((IF(C52<1,INT(B52)+C52,C52)-B52)*1440,0)/1440) | E52: =IF(D52="","",IF(D52<0,"打日期",IF(D52*1440<=120,"J+2",IF(D52*1440<=240,"J+4",IF(D52*1440<=360,"J+6",IF(D52*1440<=480,"J+8","8以上"))))))
D53: =IF(OR(B53="",C53=""),"",ROUND((IF(C53<1,INT(B53)+C53,C53)-B53)*1440,0)/1440) | E53: =IF(D53="","",IF(D53<0,"打日期",IF(D53*1440<=120,"J+2",IF(D53*1440<=240,"J+4",IF(D53*1440<=360,"J+6",IF(D53*1440<=480,"J+8","8以上"))))))
D54: =IF(OR(B54="",C54=""),"",ROUND((IF(C54<1,INT(B54)+C54,C54)-B54)*1440,0)/1440) | E54: =IF(D54="","",IF(D54<0,"打日期",IF(D54*1440<=120,"J+2",IF(D54*1440<=240,"J+4",IF(D54*1440<=360,"J+6",IF(D54*1440<=480,"J+8","8以上"))))))
... D57: =IF(OR(B57="",C57=""),"",ROUND((IF(C57<1,INT(B57)+C57,C57)-B57)*1440,0)/1440) | E57: =IF(D57="","",IF(D57<0,"打日期",IF(D57*1440<=120,"J+2",IF(D57*1440<=240,"J+4",IF(D57*1440<=360,"J+6",IF(D57*1440<=480,"J+8","8以上"))))))
A58: 區域互寄:( 13時前交寄之郵件) 220、241、360、420
A60: 製表: | C60: 主管:
A61: ="中和郵務股"&'08'!$G$2&'08'!$H$2&"份 轉口 快捷郵遞時效表" -> 中和郵務股115年8月份 轉口 快捷郵遞時效表
A62: 郵件號碼 | B62: 交寄時間 | C62: 交投時間 | D62: 時數 | E62: 時效
D63: =IF(OR(B63="",C63=""),"",ROUND((IF(C63<1,INT(B63)+C63,C63)-B63)*1440,0)/1440) | E63: =IF(D63="","",IF(D63<0,"打日期",IF(D63*1440<=120,"J+2",IF(D63*1440<=240,"J+4",IF(D63*1440<=360,"J+6",IF(D63*1440<=480,"J+8","8以上"))))))
D64: =IF(OR(B64="",C64=""),"",ROUND((IF(C64<1,INT(B64)+C64,C64)-B64)*1440,0)/1440) | E64: =IF(D64="","",IF(D64<0,"打日期",IF(D64*1440<=120,"J+2",IF(D64*1440<=240,"J+4",IF(D64*1440<=360,"J+6",IF(D64*1440<=480,"J+8","8以上"))))))
D65: =IF(OR(B65="",C65=""),"",ROUND((IF(C65<1,INT(B65)+C65,C65)-B65)*1440,0)/1440) | E65: =IF(D65="","",IF(D65<0,"打日期",IF(D65*1440<=120,"J+2",IF(D65*1440<=240,"J+4",IF(D65*1440<=360,"J+6",IF(D65*1440<=480,"J+8","8以上"))))))
D66: =IF(OR(B66="",C66=""),"",ROUND((IF(C66<1,INT(B66)+C66,C66)-B66)*1440,0)/1440) | E66: =IF(D66="","",IF(D66<0,"打日期",IF(D66*1440<=120,"J+2",IF(D66*1440<=240,"J+4",IF(D66*1440<=360,"J+6",IF(D66*1440<=480,"J+8","8以上"))))))
D67: =IF(OR(B67="",C67=""),"",ROUND((IF(C67<1,INT(B67)+C67,C67)-B67)*1440,0)/1440) | E67: =IF(D67="","",IF(D67<0,"打日期",IF(D67*1440<=120,"J+2",IF(D67*1440<=240,"J+4",IF(D67*1440<=360,"J+6",IF(D67*1440<=480,"J+8","8以上"))))))
D68: =IF(OR(B68="",C68=""),"",ROUND((IF(C68<1,INT(B68)+C68,C68)-B68)*1440,0)/1440) | E68: =IF(D68="","",IF(D68<0,"打日期",IF(D68*1440<=120,"J+2",IF(D68*1440<=240,"J+4",IF(D68*1440<=360,"J+6",IF(D68*1440<=480,"J+8","8以上"))))))
D69: =IF(OR(B69="",C69=""),"",ROUND((IF(C69<1,INT(B69)+C69,C69)-B69)*1440,0)/1440) | E69: =IF(D69="","",IF(D69<0,"打日期",IF(D69*1440<=120,"J+2",IF(D69*1440<=240,"J+4",IF(D69*1440<=360,"J+6",IF(D69*1440<=480,"J+8","8以上"))))))
D70: =IF(OR(B70="",C70=""),"",ROUND((IF(C70<1,INT(B70)+C70,C70)-B70)*1440,0)/1440) | E70: =IF(D70="","",IF(D70<0,"打日期",IF(D70*1440<=120,"J+2",IF(D70*1440<=240,"J+4",IF(D70*1440<=360,"J+6",IF(D70*1440<=480,"J+8","8以上"))))))
D71: =IF(OR(B71="",C71=""),"",ROUND((IF(C71<1,INT(B71)+C71,C71)-B71)*1440,0)/1440) | E71: =IF(D71="","",IF(D71<0,"打日期",IF(D71*1440<=120,"J+2",IF(D71*1440<=240,"J+4",IF(D71*1440<=360,"J+6",IF(D71*1440<=480,"J+8","8以上"))))))
D72: =IF(OR(B72="",C72=""),"",ROUND((IF(C72<1,INT(B72)+C72,C72)-B72)*1440,0)/1440) | E72: =IF(D72="","",IF(D72<0,"打日期",IF(D72*1440<=120,"J+2",IF(D72*1440<=240,"J+4",IF(D72*1440<=360,"J+6",IF(D72*1440<=480,"J+8","8以上"))))))
D73: =IF(OR(B73="",C73=""),"",ROUND((IF(C73<1,INT(B73)+C73,C73)-B73)*1440,0)/1440) | E73: =IF(D73="","",IF(D73<0,"打日期",IF(D73*1440<=120,"J+2",IF(D73*1440<=240,"J+4",IF(D73*1440<=360,"J+6",IF(D73*1440<=480,"J+8","8以上"))))))
D74: =IF(OR(B74="",C74=""),"",ROUND((IF(C74<1,INT(B74)+C74,C74)-B74)*1440,0)/1440) | E74: =IF(D74="","",IF(D74<0,"打日期",IF(D74*1440<=120,"J+2",IF(D74*1440<=240,"J+4",IF(D74*1440<=360,"J+6",IF(D74*1440<=480,"J+8","8以上"))))))
... D77: =IF(OR(B77="",C77=""),"",ROUND((IF(C77<1,INT(B77)+C77,C77)-B77)*1440,0)/1440) | E77: =IF(D77="","",IF(D77<0,"打日期",IF(D77*1440<=120,"J+2",IF(D77*1440<=240,"J+4",IF(D77*1440<=360,"J+6",IF(D77*1440<=480,"J+8","8以上"))))))
A78: 十大都市:( 11時前交寄之郵件) 台北市(100-110)、板橋市(220)、桃園市(330)、中壢市(含平鎮，320、324)、新竹市(300)、台中市(400-408)、彰化市(500)、嘉義市(600)、台南市(700-709)、高雄市(800-804、806、807)互寄者。
A80: 製表: | C80: 主管:

Sheet 09
A1: 中和郵局 抽測國內快捷情形報告單
G2: ='01'!G2 -> 115年 | H2: 9月
A3: 互寄地區 | C3: 抽測件數 | D3: J+2時 件數 | E3: J+2時 投遞率 | F3: J+4時 件數 | G3: J+4時 投遞率 | H3: J+6時 件數 | I3: J+6時 投遞率 | J3: J+8時 件數 | K3: J+8時 投遞率 | L3: 8時以上 件數 | M3: 8時以上 投遞率 | N3: 符合時效比例 | O3: 平均 (時)數
A4: 本收本投 | C4: =D4+F4+H4+J4+L4 -> 10 | D4: =COUNTIF(09子本!$E$3:$E$17,"J+2") -> 3 | E4: =IF($C4=0,"",D4/$C4) -> 0.3 | F4: =COUNTIF(09子本!$E$3:$E$17,"J+4") -> 6 | G4: =IF($C4=0,"",F4/$C4) -> 0.6 | H4: =COUNTIF(09子本!$E$3:$E$17,"J+6") -> 0 | I4: =IF($C4=0,"",H4/$C4) -> 0 | J4: =COUNTIF(09子本!$E$3:$E$17,"J+8") -> 1 | K4: =IF($C4=0,"",J4/$C4) -> 0.1 | L4: =COUNTIF(09子本!$E$3:$E$17,"8以上") -> 0 | M4: =IF($C4=0,"",L4/$C4) -> 0 | N4: 1 | O4: =IF($C4=0,"",(D4*2+F4*4+H4*6+J4*8+L4*8)/$C4) -> 3.8
A5: 主要都市間互寄 | C5: =D5+F5+H5+J5+L5 -> 10 | D5: =COUNTIF(09子本!$E$23:$E$37,"J+2") -> 0 | E5: =IF($C5=0,"",D5/$C5) -> 0 | F5: =COUNTIF(09子本!$E$23:$E$37,"J+4") -> 6 | G5: =IF($C5=0,"",F5/$C5) -> 0.6 | H5: =COUNTIF(09子本!$E$23:$E$37,"J+6") -> 2 | I5: =IF($C5=0,"",H5/$C5) -> 0.2 | J5: =COUNTIF(09子本!$E$23:$E$37,"J+8") -> 2 | K5: =IF($C5=0,"",J5/$C5) -> 0.2 | L5: =COUNTIF(09子本!$E$23:$E$37,"8以上") -> 0 | M5: =IF($C5=0,"",L5/$C5) -> 0 | N5: 1 | O5: =IF($C5=0,"",(D5*2+F5*4+H5*6+J5*8+L5*8)/$C5) -> 5.2
A6: 區域內互寄 (北北基、台中、高雄、中彰投地區) | C6: =D6+F6+H6+J6+L6 -> 10 | D6: =COUNTIF(09子本!$E$43:$E$57,"J+2") -> 0 | E6: =IF($C6=0,"",D6/$C6) -> 0 | F6: =COUNTIF(09子本!$E$43:$E$57,"J+4") -> 1 | G6: =IF($C6=0,"",F6/$C6) -> 0.1 | H6: =COUNTIF(09子本!$E$43:$E$57,"J+6") -> 9 | I6: =IF($C6=0,"",H6/$C6) -> 0.9 | J6: =COUNTIF(09子本!$E$43:$E$57,"J+8") -> 0 | K6: =IF($C6=0,"",J6/$C6) -> 0 | L6: =COUNTIF(09子本!$E$43:$E$57,"8以上") -> 0 | M6: =IF($C6=0,"",L6/$C6) -> 0 | N6: 1 | O6: =IF($C6=0,"",(D6*2+F6*4+H6*6+J6*8+L6*8)/$C6) -> 5.8
A7: 其他轉口 | C7: =D7+F7+H7+J7+L7 -> 10 | D7: =COUNTIF(09子本!$E$63:$E$77,"J+2") -> 0 | E7: =IF($C7=0,"",D7/$C7) -> 0 | F7: =COUNTIF(09子本!$E$63:$E$77,"J+4") -> 7 | G7: =IF($C7=0,"",F7/$C7) -> 0.7 | H7: =COUNTIF(09子本!$E$63:$E$77,"J+6") -> 3 | I7: =IF($C7=0,"",H7/$C7) -> 0.3 | J7: =COUNTIF(09子本!$E$63:$E$77,"J+8") -> 0 | K7: =IF($C7=0,"",J7/$C7) -> 0 | L7: =COUNTIF(09子本!$E$63:$E$77,"8以上") -> 0 | M7: =IF($C7=0,"",L7/$C7) -> 0 | N7: 1 | O7: =IF($C7=0,"",(D7*2+F7*4+H7*6+J7*8+L7*8)/$C7) -> 4.6
A8: 說明：
A9: 1 | B9: 為瞭解國內快捷郵件寄遞時效，各局快捷單位應透過MQ或本公司全球資訊網查詢系統抽測「本收本投」、「主要都市互寄」、「區域內互寄」、「其他轉口」4類，每月至少各10件（抽查紀錄列印或記錄郵件號碼留局備查，保存1年），抽測結果於次月5日前寄管轄郵局郵務科彙整，於8日前上傳主機。
A10: 2 | B10: 抽測樣本：本收本投以15時前交寄、主要都市互寄11時前交寄、區域間互寄13時前交寄之郵件抽測為主。
A11: 3 | B11: 寄遞時效：自「交寄郵件」到「郵件投遞中」之處理狀態時間計算，四小時以內者填「ｊ＋4時」欄；逾四小時不逾六小時者填「ｊ＋6時」欄，餘類推。抽測結果有不符合時效標準者，請將相關地名列出，並檢討改善。
A12: 4 | B12: 十大都市互寄係指台北市(100-110)、板橋市(220)、桃園市(330)、中壢市(含平鎮，320、324)、新竹市(300)、台中市(400-408)、彰化市(500)、嘉義市(600)、台南市(700-709)、高雄市(800-804、806、807)互寄者。該欄位僅由該十大都市互寄局就相關之郵件抽測情形填註。
A13: 5 | B13: 平均(時)數：((J+2小時投遞率)*2+(J+4小時投遞率)*4+(J+6小時投遞率)*6+(J+8小時投遞率)*8+(J+8小時以上投遞率)*8)/100。
B14: 製表: | F14: 主管:

Sheet 09子本
A1: ="中和郵務股"&'09'!$G$2&'09'!$H$2&"份 本口 快捷郵遞時效表" -> 中和郵務股115年9月份 本口 快捷郵遞時效表
A2: 郵件號碼 | B2: 交寄時間 | C2: 交投時間 | D2: 時數 | E2: 時效
A3: 96492122007250235009 | B3: 46266.504 | C3: 0.66527778 | D3: =IF(OR(B3="",C3=""),"",ROUND((IF(C3<1,INT(B3)+C3,C3)-B3)*1440,0)/1440) -> 0.16111111 | E3: =IF(D3="","",IF(D3<0,"打日期",IF(D3*1440<=120,"J+2",IF(D3*1440<=240,"J+4",IF(D3*1440<=360,"J+6",IF(D3*1440<=480,"J+8","8以上")))))) -> J+4
A4: 92614322007150235008 | B4: 46269.649 | C4: 0.66736111 | D4: =IF(OR(B4="",C4=""),"",ROUND((IF(C4<1,INT(B4)+C4,C4)-B4)*1440,0)/1440) -> 0.01875 | E4: =IF(D4="","",IF(D4<0,"打日期",IF(D4*1440<=120,"J+2",IF(D4*1440<=240,"J+4",IF(D4*1440<=360,"J+6",IF(D4*1440<=480,"J+8","8以上")))))) -> J+2
A5: 93315422007950235004 | B5: 46272.578 | C5: 0.66944444 | D5: =IF(OR(B5="",C5=""),"",ROUND((IF(C5<1,INT(B5)+C5,C5)-B5)*1440,0)/1440) -> 0.091666667 | E5: =IF(D5="","",IF(D5<0,"打日期",IF(D5*1440<=120,"J+2",IF(D5*1440<=240,"J+4",IF(D5*1440<=360,"J+6",IF(D5*1440<=480,"J+8","8以上")))))) -> J+4
A6: 98416722007350235006 | B6: 46272.596 | C6: 0.67083333 | D6: =IF(OR(B6="",C6=""),"",ROUND((IF(C6<1,INT(B6)+C6,C6)-B6)*1440,0)/1440) -> 0.075 | E6: =IF(D6="","",IF(D6<0,"打日期",IF(D6*1440<=120,"J+2",IF(D6*1440<=240,"J+4",IF(D6*1440<=360,"J+6",IF(D6*1440<=480,"J+8","8以上")))))) -> J+2
A7: 93316922007950235006 | B7: 46273.547 | C7: 0.67916667 | D7: =IF(OR(B7="",C7=""),"",ROUND((IF(C7<1,INT(B7)+C7,C7)-B7)*1440,0)/1440) -> 0.13263889 | E7: =IF(D7="","",IF(D7<0,"打日期",IF(D7*1440<=120,"J+2",IF(D7*1440<=240,"J+4",IF(D7*1440<=360,"J+6",IF(D7*1440<=480,"J+8","8以上")))))) -> J+4
A8: 92628122007150235007 | B8: 46273.587 | C8: 0.67569444 | D8: =IF(OR(B8="",C8=""),"",ROUND((IF(C8<1,INT(B8)+C8,C8)-B8)*1440,0)/1440) -> 0.088888889 | E8: =IF(D8="","",IF(D8<0,"打日期",IF(D8*1440<=120,"J+2",IF(D8*1440<=240,"J+4",IF(D8*1440<=360,"J+6",IF(D8*1440<=480,"J+8","8以上")))))) -> J+4
A9: 92629222007150235003 | B9: 46273.628 | C9: 0.67569444 | D9: =IF(OR(B9="",C9=""),"",ROUND((IF(C9<1,INT(B9)+C9,C9)-B9)*1440,0)/1440) -> 0.047222222 | E9: =IF(D9="","",IF(D9<0,"打日期",IF(D9*1440<=120,"J+2",IF(D9*1440<=240,"J+4",IF(D9*1440<=360,"J+6",IF(D9*1440<=480,"J+8","8以上")))))) -> J+2
A10: 91678422007650235005 | B10: 46275.528 | C10: 0.67291667 | D10: =IF(OR(B10="",C10=""),"",ROUND((IF(C10<1,INT(B10)+C10,C10)-B10)*1440,0)/1440) -> 0.14513889 | E10: =IF(D10="","",IF(D10<0,"打日期",IF(D10*1440<=120,"J+2",IF(D10*1440<=240,"J+4",IF(D10*1440<=360,"J+6",IF(D10*1440<=480,"J+8","8以上")))))) -> J+4
A11: 93333422007950235008 | B11: 46282.381 | C11: 0.67777778 | D11: =IF(OR(B11="",C11=""),"",ROUND((IF(C11<1,INT(B11)+C11,C11)-B11)*1440,0)/1440) -> 0.29722222 | E11: =IF(D11="","",IF(D11<0,"打日期",IF(D11*1440<=120,"J+2",IF(D11*1440<=240,"J+4",IF(D11*1440<=360,"J+6",IF(D11*1440<=480,"J+8","8以上")))))) -> J+8
A12: 98478322007350235008 | B12: 46283.569 | C12: 0.67222222 | D12: =IF(OR(B12="",C12=""),"",ROUND((IF(C12<1,INT(B12)+C12,C12)-B12)*1440,0)/1440) -> 0.10277778 | E12: =IF(D12="","",IF(D12<0,"打日期",IF(D12*1440<=120,"J+2",IF(D12*1440<=240,"J+4",IF(D12*1440<=360,"J+6",IF(D12*1440<=480,"J+8","8以上")))))) -> J+4
D13: =IF(OR(B13="",C13=""),"",ROUND((IF(C13<1,INT(B13)+C13,C13)-B13)*1440,0)/1440) | E13: =IF(D13="","",IF(D13<0,"打日期",IF(D13*1440<=120,"J+2",IF(D13*1440<=240,"J+4",IF(D13*1440<=360,"J+6",IF(D13*1440<=480,"J+8","8以上"))))))
D14: =IF(OR(B14="",C14=""),"",ROUND((IF(C14<1,INT(B14)+C14,C14)-B14)*1440,0)/1440) | E14: =IF(D14="","",IF(D14<0,"打日期",IF(D14*1440<=120,"J+2",IF(D14*1440<=240,"J+4",IF(D14*1440<=360,"J+6",IF(D14*1440<=480,"J+8","8以上"))))))
D15: =IF(OR(B15="",C15=""),"",ROUND((IF(C15<1,INT(B15)+C15,C15)-B15)*1440,0)/1440) | E15: =IF(D15="","",IF(D15<0,"打日期",IF(D15*1440<=120,"J+2",IF(D15*1440<=240,"J+4",IF(D15*1440<=360,"J+6",IF(D15*1440<=480,"J+8","8以上"))))))
D16: =IF(OR(B16="",C16=""),"",ROUND((IF(C16<1,INT(B16)+C16,C16)-B16)*1440,0)/1440) | E16: =IF(D16="","",IF(D16<0,"打日期",IF(D16*1440<=120,"J+2",IF(D16*1440<=240,"J+4",IF(D16*1440<=360,"J+6",IF(D16*1440<=480,"J+8","8以上"))))))
D17: =IF(OR(B17="",C17=""),"",ROUND((IF(C17<1,INT(B17)+C17,C17)-B17)*1440,0)/1440) | E17: =IF(D17="","",IF(D17<0,"打日期",IF(D17*1440<=120,"J+2",IF(D17*1440<=240,"J+4",IF(D17*1440<=360,"J+6",IF(D17*1440<=480,"J+8","8以上"))))))
A18: 本地互寄:( 15時前交寄之郵件) 板橋市22071~81、92
A20: 製表: | C20: 主管:
A21: ="中和郵務股"&'09'!$G$2&'09'!$H$2&"份 十大都會區 快捷郵遞時效表" -> 中和郵務股115年9月份 十大都會區 快捷郵遞時效表
A22: 郵件號碼 | B22: 交寄時間 | C22: 交投時間 | D22: 時數 | E22: 時效
A23: 96553710018450235000 | B23: 46287.352 | C23: 0.68541667 | D23: =IF(OR(B23="",C23=""),"",ROUND((IF(C23<1,INT(B23)+C23,C23)-B23)*1440,0)/1440) -> 0.33333333 | E23: =IF(D23="","",IF(D23<0,"打日期",IF(D23*1440<=120,"J+2",IF(D23*1440<=240,"J+4",IF(D23*1440<=360,"J+6",IF(D23*1440<=480,"J+8","8以上")))))) -> J+8
A24: 98351060001050235008 | B24: 46287.398 | C24: 0.68680556 | D24: =IF(OR(B24="",C24=""),"",ROUND((IF(C24<1,INT(B24)+C24,C24)-B24)*1440,0)/1440) -> 0.28888889 | E24: =IF(D24="","",IF(D24<0,"打日期",IF(D24*1440<=120,"J+2",IF(D24*1440<=240,"J+4",IF(D24*1440<=360,"J+6",IF(D24*1440<=480,"J+8","8以上")))))) -> J+8
A25: 93182680008850235002 | B25: 46287.445 | C25: 0.68611111 | D25: =IF(OR(B25="",C25=""),"",ROUND((IF(C25<1,INT(B25)+C25,C25)-B25)*1440,0)/1440) -> 0.24097222 | E25: =IF(D25="","",IF(D25<0,"打日期",IF(D25*1440<=120,"J+2",IF(D25*1440<=240,"J+4",IF(D25*1440<=360,"J+6",IF(D25*1440<=480,"J+8","8以上")))))) -> J+6
A26: 94220410002550235004 | B26: 46287.485 | C26: 0.68541667 | D26: =IF(OR(B26="",C26=""),"",ROUND((IF(C26<1,INT(B26)+C26,C26)-B26)*1440,0)/1440) -> 0.2 | E26: =IF(D26="","",IF(D26<0,"打日期",IF(D26*1440<=120,"J+2",IF(D26*1440<=240,"J+4",IF(D26*1440<=360,"J+6",IF(D26*1440<=480,"J+8","8以上")))))) -> J+6
A27: 95869810005550235001 | B27: 46287.444 | C27: 0.56319444 | D27: =IF(OR(B27="",C27=""),"",ROUND((IF(C27<1,INT(B27)+C27,C27)-B27)*1440,0)/1440) -> 0.11944444 | E27: =IF(D27="","",IF(D27<0,"打日期",IF(D27*1440<=120,"J+2",IF(D27*1440<=240,"J+4",IF(D27*1440<=360,"J+6",IF(D27*1440<=480,"J+8","8以上")))))) -> J+4
A28: 97423310004850235008 | B28: 46287.441 | C28: 0.56527778 | D28: =IF(OR(B28="",C28=""),"",ROUND((IF(C28<1,INT(B28)+C28,C28)-B28)*1440,0)/1440) -> 0.12430556 | E28: =IF(D28="","",IF(D28<0,"打日期",IF(D28*1440<=120,"J+2",IF(D28*1440<=240,"J+4",IF(D28*1440<=360,"J+6",IF(D28*1440<=480,"J+8","8以上")))))) -> J+4
A29: 91762810014550235001 | B29: 46287.407 | C29: 0.56527778 | D29: =IF(OR(B29="",C29=""),"",ROUND((IF(C29<1,INT(B29)+C29,C29)-B29)*1440,0)/1440) -> 0.15833333 | E29: =IF(D29="","",IF(D29<0,"打日期",IF(D29*1440<=120,"J+2",IF(D29*1440<=240,"J+4",IF(D29*1440<=360,"J+6",IF(D29*1440<=480,"J+8","8以上")))))) -> J+4
A30: 94192210009950235001 | B30: 46287.412 | C30: 0.56527778 | D30: =IF(OR(B30="",C30=""),"",ROUND((IF(C30<1,INT(B30)+C30,C30)-B30)*1440,0)/1440) -> 0.15347222 | E30: =IF(D30="","",IF(D30<0,"打日期",IF(D30*1440<=120,"J+2",IF(D30*1440<=240,"J+4",IF(D30*1440<=360,"J+6",IF(D30*1440<=480,"J+8","8以上")))))) -> J+4
A31: 90936920000850235003 | B31: 46286.406 | C31: 0.55694444 | D31: =IF(OR(B31="",C31=""),"",ROUND((IF(C31<1,INT(B31)+C31,C31)-B31)*1440,0)/1440) -> 0.15069444 | E31: =IF(D31="","",IF(D31<0,"打日期",IF(D31*1440<=120,"J+2",IF(D31*1440<=240,"J+4",IF(D31*1440<=360,"J+6",IF(D31*1440<=480,"J+8","8以上")))))) -> J+4
A32: 93304910010850235009 | B32: 46286.423 | C32: 0.55625 | D32: =IF(OR(B32="",C32=""),"",ROUND((IF(C32<1,INT(B32)+C32,C32)-B32)*1440,0)/1440) -> 0.13333333 | E32: =IF(D32="","",IF(D32<0,"打日期",IF(D32*1440<=120,"J+2",IF(D32*1440<=240,"J+4",IF(D32*1440<=360,"J+6",IF(D32*1440<=480,"J+8","8以上")))))) -> J+4
D33: =IF(OR(B33="",C33=""),"",ROUND((IF(C33<1,INT(B33)+C33,C33)-B33)*1440,0)/1440) | E33: =IF(D33="","",IF(D33<0,"打日期",IF(D33*1440<=120,"J+2",IF(D33*1440<=240,"J+4",IF(D33*1440<=360,"J+6",IF(D33*1440<=480,"J+8","8以上"))))))
D34: =IF(OR(B34="",C34=""),"",ROUND((IF(C34<1,INT(B34)+C34,C34)-B34)*1440,0)/1440) | E34: =IF(D34="","",IF(D34<0,"打日期",IF(D34*1440<=120,"J+2",IF(D34*1440<=240,"J+4",IF(D34*1440<=360,"J+6",IF(D34*1440<=480,"J+8","8以上"))))))
D35: =IF(OR(B35="",C35=""),"",ROUND((IF(C35<1,INT(B35)+C35,C35)-B35)*1440,0)/1440) | E35: =IF(D35="","",IF(D35<0,"打日期",IF(D35*1440<=120,"J+2",IF(D35*1440<=240,"J+4",IF(D35*1440<=360,"J+6",IF(D35*1440<=480,"J+8","8以上"))))))
D36: =IF(OR(B36="",C36=""),"",ROUND((IF(C36<1,INT(B36)+C36,C36)-B36)*1440,0)/1440) | E36: =IF(D36="","",IF(D36<0,"打日期",IF(D36*1440<=120,"J+2",IF(D36*1440<=240,"J+4",IF(D36*1440<=360,"J+6",IF(D36*1440<=480,"J+8","8以上"))))))
D37: =IF(OR(B37="",C37=""),"",ROUND((IF(C37<1,INT(B37)+C37,C37)-B37)*1440,0)/1440) | E37: =IF(D37="","",IF(D37<0,"打日期",IF(D37*1440<=120,"J+2",IF(D37*1440<=240,"J+4",IF(D37*1440<=360,"J+6",IF(D37*1440<=480,"J+8","8以上"))))))
A38: 十大都市:( 11時前交寄之郵件) 台北市(100-110)、基隆市(200~206)、桃園市(330)、中壢市(含平鎮，320、324)、台中市(400-408)、彰化市(500)、嘉義市(600)、台南市(700-709)、高雄市(800-804、806、807)互寄者。
A40: 製表: | C40: 主管:
A41: ="中和郵務股"&'09'!$G$2&'09'!$H$2&"份 區域內互寄 快捷郵遞時效表" -> 中和郵務股115年9月份 區域內互寄 快捷郵遞時效表
A42: 郵件號碼 | B42: 交寄時間 | C42: 交投時間 | D42: 時數 | E42: 時效
A43: 98444924102750235003 | B43: 46266.465 | C43: 0.675 | D43: =IF(OR(B43="",C43=""),"",ROUND((IF(C43<1,INT(B43)+C43,C43)-B43)*1440,0)/1440) -> 0.21041667 | E43: =IF(D43="","",IF(D43<0,"打日期",IF(D43*1440<=120,"J+2",IF(D43*1440<=240,"J+4",IF(D43*1440<=360,"J+6",IF(D43*1440<=480,"J+8","8以上")))))) -> J+6
A44: 95136322001450235007 | B44: 46266.486 | C44: 0.67430556 | D44: =IF(OR(B44="",C44=""),"",ROUND((IF(C44<1,INT(B44)+C44,C44)-B44)*1440,0)/1440) -> 0.18819444 | E44: =IF(D44="","",IF(D44<0,"打日期",IF(D44*1440<=120,"J+2",IF(D44*1440<=240,"J+4",IF(D44*1440<=360,"J+6",IF(D44*1440<=480,"J+8","8以上")))))) -> J+6
A45: 94461224105350235006 | B45: 46267.483 | C45: 0.67777778 | D45: =IF(OR(B45="",C45=""),"",ROUND((IF(C45<1,INT(B45)+C45,C45)-B45)*1440,0)/1440) -> 0.19513889 | E45: =IF(D45="","",IF(D45<0,"打日期",IF(D45*1440<=120,"J+2",IF(D45*1440<=240,"J+4",IF(D45*1440<=360,"J+6",IF(D45*1440<=480,"J+8","8以上")))))) -> J+6
A46: 92733024104050235004 | B46: 46267.528 | C46: 0.67777778 | D46: =IF(OR(B46="",C46=""),"",ROUND((IF(C46<1,INT(B46)+C46,C46)-B46)*1440,0)/1440) -> 0.15 | E46: =IF(D46="","",IF(D46<0,"打日期",IF(D46*1440<=120,"J+2",IF(D46*1440<=240,"J+4",IF(D46*1440<=360,"J+6",IF(D46*1440<=480,"J+8","8以上")))))) -> J+4
A47: 92983624103750235003 | B47: 46267.442 | C47: 0.67986111 | D47: =IF(OR(B47="",C47=""),"",ROUND((IF(C47<1,INT(B47)+C47,C47)-B47)*1440,0)/1440) -> 0.2375 | E47: =IF(D47="","",IF(D47<0,"打日期",IF(D47*1440<=120,"J+2",IF(D47*1440<=240,"J+4",IF(D47*1440<=360,"J+6",IF(D47*1440<=480,"J+8","8以上")))))) -> J+6
A48: 95092724101150235000 | B48: 46267.436 | C48: 0.67916667 | D48: =IF(OR(B48="",C48=""),"",ROUND((IF(C48<1,INT(B48)+C48,C48)-B48)*1440,0)/1440) -> 0.24305556 | E48: =IF(D48="","",IF(D48<0,"打日期",IF(D48*1440<=120,"J+2",IF(D48*1440<=240,"J+4",IF(D48*1440<=360,"J+6",IF(D48*1440<=480,"J+8","8以上")))))) -> J+6
A49: 94461024105350235008 | B49: 46267.476 | C49: 0.67847222 | D49: =IF(OR(B49="",C49=""),"",ROUND((IF(C49<1,INT(B49)+C49,C49)-B49)*1440,0)/1440) -> 0.20277778 | E49: =IF(D49="","",IF(D49<0,"打日期",IF(D49*1440<=120,"J+2",IF(D49*1440<=240,"J+4",IF(D49*1440<=360,"J+6",IF(D49*1440<=480,"J+8","8以上")))))) -> J+6
A50: 91264322002650235006 | B50: 46267.434 | C50: 0.67777778 | D50: =IF(OR(B50="",C50=""),"",ROUND((IF(C50<1,INT(B50)+C50,C50)-B50)*1440,0)/1440) -> 0.24375 | E50: =IF(D50="","",IF(D50<0,"打日期",IF(D50*1440<=120,"J+2",IF(D50*1440<=240,"J+4",IF(D50*1440<=360,"J+6",IF(D50*1440<=480,"J+8","8以上")))))) -> J+6
A51: 95092924101150235008 | B51: 46267.453 | C51: 0.67777778 | D51: =IF(OR(B51="",C51=""),"",ROUND((IF(C51<1,INT(B51)+C51,C51)-B51)*1440,0)/1440) -> 0.225 | E51: =IF(D51="","",IF(D51<0,"打日期",IF(D51*1440<=120,"J+2",IF(D51*1440<=240,"J+4",IF(D51*1440<=360,"J+6",IF(D51*1440<=480,"J+8","8以上")))))) -> J+6
A52: 92022424104250235003 | B52: 46268.489 | C52: 0.67638889 | D52: =IF(OR(B52="",C52=""),"",ROUND((IF(C52<1,INT(B52)+C52,C52)-B52)*1440,0)/1440) -> 0.1875 | E52: =IF(D52="","",IF(D52<0,"打日期",IF(D52*1440<=120,"J+2",IF(D52*1440<=240,"J+4",IF(D52*1440<=360,"J+6",IF(D52*1440<=480,"J+8","8以上")))))) -> J+6
D53: =IF(OR(B53="",C53=""),"",ROUND((IF(C53<1,INT(B53)+C53,C53)-B53)*1440,0)/1440) | E53: =IF(D53="","",IF(D53<0,"打日期",IF(D53*1440<=120,"J+2",IF(D53*1440<=240,"J+4",IF(D53*1440<=360,"J+6",IF(D53*1440<=480,"J+8","8以上"))))))
D54: =IF(OR(B54="",C54=""),"",ROUND((IF(C54<1,INT(B54)+C54,C54)-B54)*1440,0)/1440) | E54: =IF(D54="","",IF(D54<0,"打日期",IF(D54*1440<=120,"J+2",IF(D54*1440<=240,"J+4",IF(D54*1440<=360,"J+6",IF(D54*1440<=480,"J+8","8以上"))))))
D55: =IF(OR(B55="",C55=""),"",ROUND((IF(C55<1,INT(B55)+C55,C55)-B55)*1440,0)/1440) | E55: =IF(D55="","",IF(D55<0,"打日期",IF(D55*1440<=120,"J+2",IF(D55*1440<=240,"J+4",IF(D55*1440<=360,"J+6",IF(D55*1440<=480,"J+8","8以上"))))))
D56: =IF(OR(B56="",C56=""),"",ROUND((IF(C56<1,INT(B56)+C56,C56)-B56)*1440,0)/1440) | E56: =IF(D56="","",IF(D56<0,"打日期",IF(D56*1440<=120,"J+2",IF(D56*1440<=240,"J+4",IF(D56*1440<=360,"J+6",IF(D56*1440<=480,"J+8","8以上"))))))
D57: =IF(OR(B57="",C57=""),"",ROUND((IF(C57<1,INT(B57)+C57,C57)-B57)*1440,0)/1440) | E57: =IF(D57="","",IF(D57<0,"打日期",IF(D57*1440<=120,"J+2",IF(D57*1440<=240,"J+4",IF(D57*1440<=360,"J+6",IF(D57*1440<=480,"J+8","8以上"))))))
A58: 區域互寄:( 13時前交寄之郵件) 220、241、360、420
A60: 製表: | C60: 主管:
A61: ="中和郵務股"&'09'!$G$2&'09'!$H$2&"份 轉口 快捷郵遞時效表" -> 中和郵務股115年9月份 轉口 快捷郵遞時效表
A62: 郵件號碼 | B62: 交寄時間 | C62: 交投時間 | D62: 時數 | E62: 時效
A63: 94802510008450235004 | B63: 46266.39 | C63: 0.55277778 | D63: =IF(OR(B63="",C63=""),"",ROUND((IF(C63<1,INT(B63)+C63,C63)-B63)*1440,0)/1440) -> 0.16319444 | E63: =IF(D63="","",IF(D63<0,"打日期",IF(D63*1440<=120,"J+2",IF(D63*1440<=240,"J+4",IF(D63*1440<=360,"J+6",IF(D63*1440<=480,"J+8","8以上")))))) -> J+4
A64: 92787810014950235009 | B64: 46266.36 | C64: 0.55208333 | D64: =IF(OR(B64="",C64=""),"",ROUND((IF(C64<1,INT(B64)+C64,C64)-B64)*1440,0)/1440) -> 0.19166667 | E64: =IF(D64="","",IF(D64<0,"打日期",IF(D64*1440<=120,"J+2",IF(D64*1440<=240,"J+4",IF(D64*1440<=360,"J+6",IF(D64*1440<=480,"J+8","8以上")))))) -> J+6
A65: 94293110007750235004 | B65: 46266.404 | C65: 0.55208333 | D65: =IF(OR(B65="",C65=""),"",ROUND((IF(C65<1,INT(B65)+C65,C65)-B65)*1440,0)/1440) -> 0.14791667 | E65: =IF(D65="","",IF(D65<0,"打日期",IF(D65*1440<=120,"J+2",IF(D65*1440<=240,"J+4",IF(D65*1440<=360,"J+6",IF(D65*1440<=480,"J+8","8以上")))))) -> J+4
A66: 94201810009950235004 | B66: 46288.455 | C66: 0.55763889 | D66: =IF(OR(B66="",C66=""),"",ROUND((IF(C66<1,INT(B66)+C66,C66)-B66)*1440,0)/1440) -> 0.10277778 | E66: =IF(D66="","",IF(D66<0,"打日期",IF(D66*1440<=120,"J+2",IF(D66*1440<=240,"J+4",IF(D66*1440<=360,"J+6",IF(D66*1440<=480,"J+8","8以上")))))) -> J+4
A67: 91962110009550235008 | B67: 46288.361 | C67: 0.55625 | D67: =IF(OR(B67="",C67=""),"",ROUND((IF(C67<1,INT(B67)+C67,C67)-B67)*1440,0)/1440) -> 0.19513889 | E67: =IF(D67="","",IF(D67<0,"打日期",IF(D67*1440<=120,"J+2",IF(D67*1440<=240,"J+4",IF(D67*1440<=360,"J+6",IF(D67*1440<=480,"J+8","8以上")))))) -> J+6
A68: 94859110016250235001 | B68: 46288.391 | C68: 0.55833333 | D68: =IF(OR(B68="",C68=""),"",ROUND((IF(C68<1,INT(B68)+C68,C68)-B68)*1440,0)/1440) -> 0.16736111 | E68: =IF(D68="","",IF(D68<0,"打日期",IF(D68*1440<=120,"J+2",IF(D68*1440<=240,"J+4",IF(D68*1440<=360,"J+6",IF(D68*1440<=480,"J+8","8以上")))))) -> J+6
A69: 91938510009550235009 | B69: 46276.381 | C69: 0.54791667 | D69: =IF(OR(B69="",C69=""),"",ROUND((IF(C69<1,INT(B69)+C69,C69)-B69)*1440,0)/1440) -> 0.16666667 | E69: =IF(D69="","",IF(D69<0,"打日期",IF(D69*1440<=120,"J+2",IF(D69*1440<=240,"J+4",IF(D69*1440<=360,"J+6",IF(D69*1440<=480,"J+8","8以上")))))) -> J+4
A70: 94882410002250235007 | B70: 46276.438 | C70: 0.54652778 | D70: =IF(OR(B70="",C70=""),"",ROUND((IF(C70<1,INT(B70)+C70,C70)-B70)*1440,0)/1440) -> 0.10833333 | E70: =IF(D70="","",IF(D70<0,"打日期",IF(D70*1440<=120,"J+2",IF(D70*1440<=240,"J+4",IF(D70*1440<=360,"J+6",IF(D70*1440<=480,"J+8","8以上")))))) -> J+4
A71: 97204710045650235004 | B71: 46276.43 | C71: 0.54652778 | D71: =IF(OR(B71="",C71=""),"",ROUND((IF(C71<1,INT(B71)+C71,C71)-B71)*1440,0)/1440) -> 0.11666667 | E71: =IF(D71="","",IF(D71<0,"打日期",IF(D71*1440<=120,"J+2",IF(D71*1440<=240,"J+4",IF(D71*1440<=360,"J+6",IF(D71*1440<=480,"J+8","8以上")))))) -> J+4
A72: 91345310009650235006 | B72: 46276.4 | C72: 0.54861111 | D72: =IF(OR(B72="",C72=""),"",ROUND((IF(C72<1,INT(B72)+C72,C72)-B72)*1440,0)/1440) -> 0.14861111 | E72: =IF(D72="","",IF(D72<0,"打日期",IF(D72*1440<=120,"J+2",IF(D72*1440<=240,"J+4",IF(D72*1440<=360,"J+6",IF(D72*1440<=480,"J+8","8以上")))))) -> J+4
D73: =IF(OR(B73="",C73=""),"",ROUND((IF(C73<1,INT(B73)+C73,C73)-B73)*1440,0)/1440) | E73: =IF(D73="","",IF(D73<0,"打日期",IF(D73*1440<=120,"J+2",IF(D73*1440<=240,"J+4",IF(D73*1440<=360,"J+6",IF(D73*1440<=480,"J+8","8以上"))))))
D74: =IF(OR(B74="",C74=""),"",ROUND((IF(C74<1,INT(B74)+C74,C74)-B74)*1440,0)/1440) | E74: =IF(D74="","",IF(D74<0,"打日期",IF(D74*1440<=120,"J+2",IF(D74*1440<=240,"J+4",IF(D74*1440<=360,"J+6",IF(D74*1440<=480,"J+8","8以上"))))))
D75: =IF(OR(B75="",C75=""),"",ROUND((IF(C75<1,INT(B75)+C75,C75)-B75)*1440,0)/1440) | E75: =IF(D75="","",IF(D75<0,"打日期",IF(D75*1440<=120,"J+2",IF(D75*1440<=240,"J+4",IF(D75*1440<=360,"J+6",IF(D75*1440<=480,"J+8","8以上"))))))
D76: =IF(OR(B76="",C76=""),"",ROUND((IF(C76<1,INT(B76)+C76,C76)-B76)*1440,0)/1440) | E76: =IF(D76="","",IF(D76<0,"打日期",IF(D76*1440<=120,"J+2",IF(D76*1440<=240,"J+4",IF(D76*1440<=360,"J+6",IF(D76*1440<=480,"J+8","8以上"))))))
D77: =IF(OR(B77="",C77=""),"",ROUND((IF(C77<1,INT(B77)+C77,C77)-B77)*1440,0)/1440) | E77: =IF(D77="","",IF(D77<0,"打日期",IF(D77*1440<=120,"J+2",IF(D77*1440<=240,"J+4",IF(D77*1440<=360,"J+6",IF(D77*1440<=480,"J+8","8以上"))))))
A78: 十大都市:( 11時前交寄之郵件) 台北市(100-110)、板橋市(220)、桃園市(330)、中壢市(含平鎮，320、324)、新竹市(300)、台中市(400-408)、彰化市(500)、嘉義市(600)、台南市(700-709)、高雄市(800-804、806、807)互寄者。
A80: 製表: | C80: 主管:

Sheet 10
A1: 中和郵局 抽測國內快捷情形報告單
G2: ='01'!G2 -> 115年 | H2: 10月
A3: 互寄地區 | C3: 抽測件數 | D3: J+2時 件數 | E3: J+2時 投遞率 | F3: J+4時 件數 | G3: J+4時 投遞率 | H3: J+6時 件數 | I3: J+6時 投遞率 | J3: J+8時 件數 | K3: J+8時 投遞率 | L3: 8時以上 件數 | M3: 8時以上 投遞率 | N3: 符合時效比例 | O3: 平均 (時)數
A4: 本收本投 | C4: =D4+F4+H4+J4+L4 -> 0 | D4: =COUNTIF(10子本!$E$3:$E$17,"J+2") -> 0 | E4: =IF($C4=0,"",D4/$C4) | F4: =COUNTIF(10子本!$E$3:$E$17,"J+4") -> 0 | G4: =IF($C4=0,"",F4/$C4) | H4: =COUNTIF(10子本!$E$3:$E$17,"J+6") -> 0 | I4: =IF($C4=0,"",H4/$C4) | J4: =COUNTIF(10子本!$E$3:$E$17,"J+8") -> 0 | K4: =IF($C4=0,"",J4/$C4) | L4: =COUNTIF(10子本!$E$3:$E$17,"8以上") -> 0 | M4: =IF($C4=0,"",L4/$C4) | N4: 1 | O4: =IF($C4=0,"",(D4*2+F4*4+H4*6+J4*8+L4*8)/$C4)
A5: 主要都市間互寄 | C5: =D5+F5+H5+J5+L5 -> 15 | D5: =COUNTIF(10子本!$E$23:$E$37,"J+2") -> 0 | E5: =IF($C5=0,"",D5/$C5) -> 0 | F5: =COUNTIF(10子本!$E$23:$E$37,"J+4") -> 0 | G5: =IF($C5=0,"",F5/$C5) -> 0 | H5: =COUNTIF(10子本!$E$23:$E$37,"J+6") -> 2 | I5: =IF($C5=0,"",H5/$C5) -> 0.13333333 | J5: =COUNTIF(10子本!$E$23:$E$37,"J+8") -> 13 | K5: =IF($C5=0,"",J5/$C5) -> 0.86666667 | L5: =COUNTIF(10子本!$E$23:$E$37,"8以上") -> 0 | M5: =IF($C5=0,"",L5/$C5) -> 0 | N5: 1 | O5: =IF($C5=0,"",(D5*2+F5*4+H5*6+J5*8+L5*8)/$C5) -> 7.7333333
A6: 區域內互寄 (北北基、台中、高雄、中彰投地區) | C6: =D6+F6+H6+J6+L6 -> 2 | D6: =COUNTIF(10子本!$E$43:$E$57,"J+2") -> 0 | E6: =IF($C6=0,"",D6/$C6) -> 0 | F6: =COUNTIF(10子本!$E$43:$E$57,"J+4") -> 1 | G6: =IF($C6=0,"",F6/$C6) -> 0.5 | H6: =COUNTIF(10子本!$E$43:$E$57,"J+6") -> 1 | I6: =IF($C6=0,"",H6/$C6) -> 0.5 | J6: =COUNTIF(10子本!$E$43:$E$57,"J+8") -> 0 | K6: =IF($C6=0,"",J6/$C6) -> 0 | L6: =COUNTIF(10子本!$E$43:$E$57,"8以上") -> 0 | M6: =IF($C6=0,"",L6/$C6) -> 0 | N6: 1 | O6: =IF($C6=0,"",(D6*2+F6*4+H6*6+J6*8+L6*8)/$C6) -> 5
A7: 其他轉口 | C7: =D7+F7+H7+J7+L7 -> 10 | D7: =COUNTIF(10子本!$E$63:$E$77,"J+2") -> 0 | E7: =IF($C7=0,"",D7/$C7) -> 0 | F7: =COUNTIF(10子本!$E$63:$E$77,"J+4") -> 0 | G7: =IF($C7=0,"",F7/$C7) -> 0 | H7: =COUNTIF(10子本!$E$63:$E$77,"J+6") -> 2 | I7: =IF($C7=0,"",H7/$C7) -> 0.2 | J7: =COUNTIF(10子本!$E$63:$E$77,"J+8") -> 8 | K7: =IF($C7=0,"",J7/$C7) -> 0.8 | L7: =COUNTIF(10子本!$E$63:$E$77,"8以上") -> 0 | M7: =IF($C7=0,"",L7/$C7) -> 0 | N7: 1 | O7: =IF($C7=0,"",(D7*2+F7*4+H7*6+J7*8+L7*8)/$C7) -> 7.6
A8: 說明：
A9: 1 | B9: 為瞭解國內快捷郵件寄遞時效，各局快捷單位應透過MQ或本公司全球資訊網查詢系統抽測「本收本投」、「主要都市互寄」、「區域內互寄」、「其他轉口」4類，每月至少各10件（抽查紀錄列印或記錄郵件號碼留局備查，保存1年），抽測結果於次月5日前寄管轄郵局郵務科彙整，於8日前上傳主機。
A10: 2 | B10: 抽測樣本：本收本投以15時前交寄、主要都市互寄11時前交寄、區域間互寄13時前交寄之郵件抽測為主。
A11: 3 | B11: 寄遞時效：自「交寄郵件」到「郵件投遞中」之處理狀態時間計算，四小時以內者填「ｊ＋4時」欄；逾四小時不逾六小時者填「ｊ＋6時」欄，餘類推。抽測結果有不符合時效標準者，請將相關地名列出，並檢討改善。
A12: 4 | B12: 十大都市互寄係指台北市(100-110)、板橋市(220)、桃園市(330)、中壢市(含平鎮，320、324)、新竹市(300)、台中市(400-408)、彰化市(500)、嘉義市(600)、台南市(700-709)、高雄市(800-804、806、807)互寄者。該欄位僅由該十大都市互寄局就相關之郵件抽測情形填註。
A13: 5 | B13: 平均(時)數：((J+2小時投遞率)*2+(J+4小時投遞率)*4+(J+6小時投遞率)*6+(J+8小時投遞率)*8+(J+8小時以上投遞率)*8)/100。
B14: 製表: | F14: 主管:

Sheet 10子本
A1: ="中和郵務股"&'10'!$G$2&'10'!$H$2&"份 本口 快捷郵遞時效表" -> 中和郵務股115年10月份 本口 快捷郵遞時效表
A2: 郵件號碼 | B2: 交寄時間 | C2: 交投時間 | D2: 時數 | E2: 時效
D3: =IF(OR(B3="",C3=""),"",ROUND((IF(C3<1,INT(B3)+C3,C3)-B3)*1440,0)/1440) | E3: =IF(D3="","",IF(D3<0,"打日期",IF(D3*1440<=120,"J+2",IF(D3*1440<=240,"J+4",IF(D3*1440<=360,"J+6",IF(D3*1440<=480,"J+8","8以上"))))))
D4: =IF(OR(B4="",C4=""),"",ROUND((IF(C4<1,INT(B4)+C4,C4)-B4)*1440,0)/1440) | E4: =IF(D4="","",IF(D4<0,"打日期",IF(D4*1440<=120,"J+2",IF(D4*1440<=240,"J+4",IF(D4*1440<=360,"J+6",IF(D4*1440<=480,"J+8","8以上"))))))
D5: =IF(OR(B5="",C5=""),"",ROUND((IF(C5<1,INT(B5)+C5,C5)-B5)*1440,0)/1440) | E5: =IF(D5="","",IF(D5<0,"打日期",IF(D5*1440<=120,"J+2",IF(D5*1440<=240,"J+4",IF(D5*1440<=360,"J+6",IF(D5*1440<=480,"J+8","8以上"))))))
D6: =IF(OR(B6="",C6=""),"",ROUND((IF(C6<1,INT(B6)+C6,C6)-B6)*1440,0)/1440) | E6: =IF(D6="","",IF(D6<0,"打日期",IF(D6*1440<=120,"J+2",IF(D6*1440<=240,"J+4",IF(D6*1440<=360,"J+6",IF(D6*1440<=480,"J+8","8以上"))))))
D7: =IF(OR(B7="",C7=""),"",ROUND((IF(C7<1,INT(B7)+C7,C7)-B7)*1440,0)/1440) | E7: =IF(D7="","",IF(D7<0,"打日期",IF(D7*1440<=120,"J+2",IF(D7*1440<=240,"J+4",IF(D7*1440<=360,"J+6",IF(D7*1440<=480,"J+8","8以上"))))))
D8: =IF(OR(B8="",C8=""),"",ROUND((IF(C8<1,INT(B8)+C8,C8)-B8)*1440,0)/1440) | E8: =IF(D8="","",IF(D8<0,"打日期",IF(D8*1440<=120,"J+2",IF(D8*1440<=240,"J+4",IF(D8*1440<=360,"J+6",IF(D8*1440<=480,"J+8","8以上"))))))
D9: =IF(OR(B9="",C9=""),"",ROUND((IF(C9<1,INT(B9)+C9,C9)-B9)*1440,0)/1440) | E9: =IF(D9="","",IF(D9<0,"打日期",IF(D9*1440<=120,"J+2",IF(D9*1440<=240,"J+4",IF(D9*1440<=360,"J+6",IF(D9*1440<=480,"J+8","8以上"))))))
D10: =IF(OR(B10="",C10=""),"",ROUND((IF(C10<1,INT(B10)+C10,C10)-B10)*1440,0)/1440) | E10: =IF(D10="","",IF(D10<0,"打日期",IF(D10*1440<=120,"J+2",IF(D10*1440<=240,"J+4",IF(D10*1440<=360,"J+6",IF(D10*1440<=480,"J+8","8以上"))))))
D11: =IF(OR(B11="",C11=""),"",ROUND((IF(C11<1,INT(B11)+C11,C11)-B11)*1440,0)/1440) | E11: =IF(D11="","",IF(D11<0,"打日期",IF(D11*1440<=120,"J+2",IF(D11*1440<=240,"J+4",IF(D11*1440<=360,"J+6",IF(D11*1440<=480,"J+8","8以上"))))))
D12: =IF(OR(B12="",C12=""),"",ROUND((IF(C12<1,INT(B12)+C12,C12)-B12)*1440,0)/1440) | E12: =IF(D12="","",IF(D12<0,"打日期",IF(D12*1440<=120,"J+2",IF(D12*1440<=240,"J+4",IF(D12*1440<=360,"J+6",IF(D12*1440<=480,"J+8","8以上"))))))
D13: =IF(OR(B13="",C13=""),"",ROUND((IF(C13<1,INT(B13)+C13,C13)-B13)*1440,0)/1440) | E13: =IF(D13="","",IF(D13<0,"打日期",IF(D13*1440<=120,"J+2",IF(D13*1440<=240,"J+4",IF(D13*1440<=360,"J+6",IF(D13*1440<=480,"J+8","8以上"))))))
D14: =IF(OR(B14="",C14=""),"",ROUND((IF(C14<1,INT(B14)+C14,C14)-B14)*1440,0)/1440) | E14: =IF(D14="","",IF(D14<0,"打日期",IF(D14*1440<=120,"J+2",IF(D14*1440<=240,"J+4",IF(D14*1440<=360,"J+6",IF(D14*1440<=480,"J+8","8以上"))))))
... D17: =IF(OR(B17="",C17=""),"",ROUND((IF(C17<1,INT(B17)+C17,C17)-B17)*1440,0)/1440) | E17: =IF(D17="","",IF(D17<0,"打日期",IF(D17*1440<=120,"J+2",IF(D17*1440<=240,"J+4",IF(D17*1440<=360,"J+6",IF(D17*1440<=480,"J+8","8以上"))))))
A18: 本地互寄:( 15時前交寄之郵件) 板橋市22071~81、92
A20: 製表: | C20: 主管:
A21: ="中和郵務股"&'10'!$G$2&'10'!$H$2&"份 十大都會區 快捷郵遞時效表" -> 中和郵務股115年10月份 十大都會區 快捷郵遞時效表
A22: 郵件號碼 | B22: 交寄時間 | C22: 交投時間 | D22: 時數 | E22: 時效
A23: 75914310327450235003 | B23: 46296.35 | C23: 0.55138889 | D23: =IF(OR(B23="",C23=""),"",ROUND((IF(C23<1,INT(B23)+C23,C23)-B23)*1440,0)/1440) -> 0.20138889 | E23: =IF(D23="","",IF(D23<0,"打日期",IF(D23*1440<=120,"J+2",IF(D23*1440<=240,"J+4",IF(D23*1440<=360,"J+6",IF(D23*1440<=480,"J+8","8以上")))))) -> J+6
A24: 77328310327450235006 | B24: 46300.342 | C24: 0.65555556 | D24: =IF(OR(B24="",C24=""),"",ROUND((IF(C24<1,INT(B24)+C24,C24)-B24)*1440,0)/1440) -> 0.31388889 | E24: =IF(D24="","",IF(D24<0,"打日期",IF(D24*1440<=120,"J+2",IF(D24*1440<=240,"J+4",IF(D24*1440<=360,"J+6",IF(D24*1440<=480,"J+8","8以上")))))) -> J+8
A25: 77342710327450235008 | B25: 46300.344 | C25: 0.65694444 | D25: =IF(OR(B25="",C25=""),"",ROUND((IF(C25<1,INT(B25)+C25,C25)-B25)*1440,0)/1440) -> 0.3125 | E25: =IF(D25="","",IF(D25<0,"打日期",IF(D25*1440<=120,"J+2",IF(D25*1440<=240,"J+4",IF(D25*1440<=360,"J+6",IF(D25*1440<=480,"J+8","8以上")))))) -> J+8
A26: 77344910327450235000 | B26: 46300.349 | C26: 0.65625 | D26: =IF(OR(B26="",C26=""),"",ROUND((IF(C26<1,INT(B26)+C26,C26)-B26)*1440,0)/1440) -> 0.30763889 | E26: =IF(D26="","",IF(D26<0,"打日期",IF(D26*1440<=120,"J+2",IF(D26*1440<=240,"J+4",IF(D26*1440<=360,"J+6",IF(D26*1440<=480,"J+8","8以上")))))) -> J+8
A27: 77322510327450235002 | B27: 46300.349 | C27: 0.65763889 | D27: =IF(OR(B27="",C27=""),"",ROUND((IF(C27<1,INT(B27)+C27,C27)-B27)*1440,0)/1440) -> 0.30833333 | E27: =IF(D27="","",IF(D27<0,"打日期",IF(D27*1440<=120,"J+2",IF(D27*1440<=240,"J+4",IF(D27*1440<=360,"J+6",IF(D27*1440<=480,"J+8","8以上")))))) -> J+8
A28: 97077980045150235006 | B28: 46300.356 | C28: 0.67638889 | D28: =IF(OR(B28="",C28=""),"",ROUND((IF(C28<1,INT(B28)+C28,C28)-B28)*1440,0)/1440) -> 0.32083333 | E28: =IF(D28="","",IF(D28<0,"打日期",IF(D28*1440<=120,"J+2",IF(D28*1440<=240,"J+4",IF(D28*1440<=360,"J+6",IF(D28*1440<=480,"J+8","8以上")))))) -> J+8
A29: 77364310327450235004 | B29: 46300.358 | C29: 0.65763889 | D29: =IF(OR(B29="",C29=""),"",ROUND((IF(C29<1,INT(B29)+C29,C29)-B29)*1440,0)/1440) -> 0.3 | E29: =IF(D29="","",IF(D29<0,"打日期",IF(D29*1440<=120,"J+2",IF(D29*1440<=240,"J+4",IF(D29*1440<=360,"J+6",IF(D29*1440<=480,"J+8","8以上")))))) -> J+8
A30: 94197780005450235007 | B30: 46300.362 | C30: 0.67638889 | D30: =IF(OR(B30="",C30=""),"",ROUND((IF(C30<1,INT(B30)+C30,C30)-B30)*1440,0)/1440) -> 0.31458333 | E30: =IF(D30="","",IF(D30<0,"打日期",IF(D30*1440<=120,"J+2",IF(D30*1440<=240,"J+4",IF(D30*1440<=360,"J+6",IF(D30*1440<=480,"J+8","8以上")))))) -> J+8
A31: 92915640003850235004 | B31: 46300.385 | C31: 0.67569444 | D31: =IF(OR(B31="",C31=""),"",ROUND((IF(C31<1,INT(B31)+C31,C31)-B31)*1440,0)/1440) -> 0.29027778 | E31: =IF(D31="","",IF(D31<0,"打日期",IF(D31*1440<=120,"J+2",IF(D31*1440<=240,"J+4",IF(D31*1440<=360,"J+6",IF(D31*1440<=480,"J+8","8以上")))))) -> J+8
A32: 92983580001750235009 | B32: 46300.387 | C32: 0.67638889 | D32: =IF(OR(B32="",C32=""),"",ROUND((IF(C32<1,INT(B32)+C32,C32)-B32)*1440,0)/1440) -> 0.28888889 | E32: =IF(D32="","",IF(D32<0,"打日期",IF(D32*1440<=120,"J+2",IF(D32*1440<=240,"J+4",IF(D32*1440<=360,"J+6",IF(D32*1440<=480,"J+8","8以上")))))) -> J+8
A33: 94852910005250235006 | B33: 46300.402 | C33: 0.67638889 | D33: =IF(OR(B33="",C33=""),"",ROUND((IF(C33<1,INT(B33)+C33,C33)-B33)*1440,0)/1440) -> 0.27430556 | E33: =IF(D33="","",IF(D33<0,"打日期",IF(D33*1440<=120,"J+2",IF(D33*1440<=240,"J+4",IF(D33*1440<=360,"J+6",IF(D33*1440<=480,"J+8","8以上")))))) -> J+8
A34: 97356070445150235002 | B34: 46300.41 | C34: 0.67638889 | D34: =IF(OR(B34="",C34=""),"",ROUND((IF(C34<1,INT(B34)+C34,C34)-B34)*1440,0)/1440) -> 0.26666667 | E34: =IF(D34="","",IF(D34<0,"打日期",IF(D34*1440<=120,"J+2",IF(D34*1440<=240,"J+4",IF(D34*1440<=360,"J+6",IF(D34*1440<=480,"J+8","8以上")))))) -> J+8
... A37: 90945720000850235007 | B37: 46300.432 | C37: 0.67638889 | D37: =IF(OR(B37="",C37=""),"",ROUND((IF(C37<1,INT(B37)+C37,C37)-B37)*1440,0)/1440) -> 0.24444444 | E37: =IF(D37="","",IF(D37<0,"打日期",IF(D37*1440<=120,"J+2",IF(D37*1440<=240,"J+4",IF(D37*1440<=360,"J+6",IF(D37*1440<=480,"J+8","8以上")))))) -> J+6
A38: 十大都市:( 11時前交寄之郵件) 台北市(100-110)、基隆市(200~206)、桃園市(330)、中壢市(含平鎮，320、324)、台中市(400-408)、彰化市(500)、嘉義市(600)、台南市(700-709)、高雄市(800-804、806、807)互寄者。
A40: 製表: | C40: 主管:
A41: ="中和郵務股"&'10'!$G$2&'10'!$H$2&"份 區域內互寄 快捷郵遞時效表" -> 中和郵務股115年10月份 區域內互寄 快捷郵遞時效表
A42: 郵件號碼 | B42: 交寄時間 | C42: 交投時間 | D42: 時數 | E42: 時效
A43: 91465822001750235004 | B43: 46296.395 | C43: 0.55 | D43: =IF(OR(B43="",C43=""),"",ROUND((IF(C43<1,INT(B43)+C43,C43)-B43)*1440,0)/1440) -> 0.15486111 | E43: =IF(D43="","",IF(D43<0,"打日期",IF(D43*1440<=120,"J+2",IF(D43*1440<=240,"J+4",IF(D43*1440<=360,"J+6",IF(D43*1440<=480,"J+8","8以上")))))) -> J+4
A44: 98535124102750235006 | B44: 46296.467 | C44: 0.67013889 | D44: =IF(OR(B44="",C44=""),"",ROUND((IF(C44<1,INT(B44)+C44,C44)-B44)*1440,0)/1440) -> 0.20277778 | E44: =IF(D44="","",IF(D44<0,"打日期",IF(D44*1440<=120,"J+2",IF(D44*1440<=240,"J+4",IF(D44*1440<=360,"J+6",IF(D44*1440<=480,"J+8","8以上")))))) -> J+6
D45: =IF(OR(B45="",C45=""),"",ROUND((IF(C45<1,INT(B45)+C45,C45)-B45)*1440,0)/1440) | E45: =IF(D45="","",IF(D45<0,"打日期",IF(D45*1440<=120,"J+2",IF(D45*1440<=240,"J+4",IF(D45*1440<=360,"J+6",IF(D45*1440<=480,"J+8","8以上"))))))
D46: =IF(OR(B46="",C46=""),"",ROUND((IF(C46<1,INT(B46)+C46,C46)-B46)*1440,0)/1440) | E46: =IF(D46="","",IF(D46<0,"打日期",IF(D46*1440<=120,"J+2",IF(D46*1440<=240,"J+4",IF(D46*1440<=360,"J+6",IF(D46*1440<=480,"J+8","8以上"))))))
D47: =IF(OR(B47="",C47=""),"",ROUND((IF(C47<1,INT(B47)+C47,C47)-B47)*1440,0)/1440) | E47: =IF(D47="","",IF(D47<0,"打日期",IF(D47*1440<=120,"J+2",IF(D47*1440<=240,"J+4",IF(D47*1440<=360,"J+6",IF(D47*1440<=480,"J+8","8以上"))))))
D48: =IF(OR(B48="",C48=""),"",ROUND((IF(C48<1,INT(B48)+C48,C48)-B48)*1440,0)/1440) | E48: =IF(D48="","",IF(D48<0,"打日期",IF(D48*1440<=120,"J+2",IF(D48*1440<=240,"J+4",IF(D48*1440<=360,"J+6",IF(D48*1440<=480,"J+8","8以上"))))))
D49: =IF(OR(B49="",C49=""),"",ROUND((IF(C49<1,INT(B49)+C49,C49)-B49)*1440,0)/1440) | E49: =IF(D49="","",IF(D49<0,"打日期",IF(D49*1440<=120,"J+2",IF(D49*1440<=240,"J+4",IF(D49*1440<=360,"J+6",IF(D49*1440<=480,"J+8","8以上"))))))
D50: =IF(OR(B50="",C50=""),"",ROUND((IF(C50<1,INT(B50)+C50,C50)-B50)*1440,0)/1440) | E50: =IF(D50="","",IF(D50<0,"打日期",IF(D50*1440<=120,"J+2",IF(D50*1440<=240,"J+4",IF(D50*1440<=360,"J+6",IF(D50*1440<=480,"J+8","8以上"))))))
D51: =IF(OR(B51="",C51=""),"",ROUND((IF(C51<1,INT(B51)+C51,C51)-B51)*1440,0)/1440) | E51: =IF(D51="","",IF(D51<0,"打日期",IF(D51*1440<=120,"J+2",IF(D51*1440<=240,"J+4",IF(D51*1440<=360,"J+6",IF(D51*1440<=480,"J+8","8以上"))))))
D52: =IF(OR(B52="",C52=""),"",ROUND((IF(C52<1,INT(B52)+C52,C52)-B52)*1440,0)/1440) | E52: =IF(D52="","",IF(D52<0,"打日期",IF(D52*1440<=120,"J+2",IF(D52*1440<=240,"J+4",IF(D52*1440<=360,"J+6",IF(D52*1440<=480,"J+8","8以上"))))))
D53: =IF(OR(B53="",C53=""),"",ROUND((IF(C53<1,INT(B53)+C53,C53)-B53)*1440,0)/1440) | E53: =IF(D53="","",IF(D53<0,"打日期",IF(D53*1440<=120,"J+2",IF(D53*1440<=240,"J+4",IF(D53*1440<=360,"J+6",IF(D53*1440<=480,"J+8","8以上"))))))
D54: =IF(OR(B54="",C54=""),"",ROUND((IF(C54<1,INT(B54)+C54,C54)-B54)*1440,0)/1440) | E54: =IF(D54="","",IF(D54<0,"打日期",IF(D54*1440<=120,"J+2",IF(D54*1440<=240,"J+4",IF(D54*1440<=360,"J+6",IF(D54*1440<=480,"J+8","8以上"))))))
D55: =IF(OR(B55="",C55=""),"",ROUND((IF(C55<1,INT(B55)+C55,C55)-B55)*1440,0)/1440) | E55: =IF(D55="","",IF(D55<0,"打日期",IF(D55*1440<=120,"J+2",IF(D55*1440<=240,"J+4",IF(D55*1440<=360,"J+6",IF(D55*1440<=480,"J+8","8以上"))))))
D56: =IF(OR(B56="",C56=""),"",ROUND((IF(C56<1,INT(B56)+C56,C56)-B56)*1440,0)/1440) | E56: =IF(D56="","",IF(D56<0,"打日期",IF(D56*1440<=120,"J+2",IF(D56*1440<=240,"J+4",IF(D56*1440<=360,"J+6",IF(D56*1440<=480,"J+8","8以上"))))))
D57: =IF(OR(B57="",C57=""),"",ROUND((IF(C57<1,INT(B57)+C57,C57)-B57)*1440,0)/1440) | E57: =IF(D57="","",IF(D57<0,"打日期",IF(D57*1440<=120,"J+2",IF(D57*1440<=240,"J+4",IF(D57*1440<=360,"J+6",IF(D57*1440<=480,"J+8","8以上"))))))
A58: 區域互寄:( 13時前交寄之郵件) 220、241、360、420
A60: 製表: | C60: 主管:
A61: ="中和郵務股"&'10'!$G$2&'10'!$H$2&"份 轉口 快捷郵遞時效表" -> 中和郵務股115年10月份 轉口 快捷郵遞時效表
A62: 郵件號碼 | B62: 交寄時間 | C62: 交投時間 | D62: 時數 | E62: 時效
A63: 96630310018450235002 | B63: 46300.357 | C63: 0.67708333 | D63: =IF(OR(B63="",C63=""),"",ROUND((IF(C63<1,INT(B63)+C63,C63)-B63)*1440,0)/1440) -> 0.32013889 | E63: =IF(D63="","",IF(D63<0,"打日期",IF(D63*1440<=120,"J+2",IF(D63*1440<=240,"J+4",IF(D63*1440<=360,"J+6",IF(D63*1440<=480,"J+8","8以上")))))) -> J+8
A64: 93885180000650235003 | B64: 46300.374 | C64: 0.67638889 | D64: =IF(OR(B64="",C64=""),"",ROUND((IF(C64<1,INT(B64)+C64,C64)-B64)*1440,0)/1440) -> 0.30208333 | E64: =IF(D64="","",IF(D64<0,"打日期",IF(D64*1440<=120,"J+2",IF(D64*1440<=240,"J+4",IF(D64*1440<=360,"J+6",IF(D64*1440<=480,"J+8","8以上")))))) -> J+8
A65: 94420580003450235004 | B65: 46300.396 | C65: 0.67638889 | D65: =IF(OR(B65="",C65=""),"",ROUND((IF(C65<1,INT(B65)+C65,C65)-B65)*1440,0)/1440) -> 0.28055556 | E65: =IF(D65="","",IF(D65<0,"打日期",IF(D65*1440<=120,"J+2",IF(D65*1440<=240,"J+4",IF(D65*1440<=360,"J+6",IF(D65*1440<=480,"J+8","8以上")))))) -> J+8
A66: 93693030004750235007 | B66: 46300.397 | C66: 0.67569444 | D66: =IF(OR(B66="",C66=""),"",ROUND((IF(C66<1,INT(B66)+C66,C66)-B66)*1440,0)/1440) -> 0.27847222 | E66: =IF(D66="","",IF(D66<0,"打日期",IF(D66*1440<=120,"J+2",IF(D66*1440<=240,"J+4",IF(D66*1440<=360,"J+6",IF(D66*1440<=480,"J+8","8以上")))))) -> J+8
A67: 94324532000850235003 | B67: 46300.417 | C67: 0.67569444 | D67: =IF(OR(B67="",C67=""),"",ROUND((IF(C67<1,INT(B67)+C67,C67)-B67)*1440,0)/1440) -> 0.25833333 | E67: =IF(D67="","",IF(D67<0,"打日期",IF(D67*1440<=120,"J+2",IF(D67*1440<=240,"J+4",IF(D67*1440<=360,"J+6",IF(D67*1440<=480,"J+8","8以上")))))) -> J+8
A68: 94335533000550235001 | B68: 46300.417 | C68: 0.67708333 | D68: =IF(OR(B68="",C68=""),"",ROUND((IF(C68<1,INT(B68)+C68,C68)-B68)*1440,0)/1440) -> 0.25972222 | E68: =IF(D68="","",IF(D68<0,"打日期",IF(D68*1440<=120,"J+2",IF(D68*1440<=240,"J+4",IF(D68*1440<=360,"J+6",IF(D68*1440<=480,"J+8","8以上")))))) -> J+8
A69: 92078833000350235008 | B69: 46300.437 | C69: 0.67638889 | D69: =IF(OR(B69="",C69=""),"",ROUND((IF(C69<1,INT(B69)+C69,C69)-B69)*1440,0)/1440) -> 0.23958333 | E69: =IF(D69="","",IF(D69<0,"打日期",IF(D69*1440<=120,"J+2",IF(D69*1440<=240,"J+4",IF(D69*1440<=360,"J+6",IF(D69*1440<=480,"J+8","8以上")))))) -> J+6
A70: 98055832045050235008 | B70: 46300.448 | C70: 0.67708333 | D70: =IF(OR(B70="",C70=""),"",ROUND((IF(C70<1,INT(B70)+C70,C70)-B70)*1440,0)/1440) -> 0.22916667 | E70: =IF(D70="","",IF(D70<0,"打日期",IF(D70*1440<=120,"J+2",IF(D70*1440<=240,"J+4",IF(D70*1440<=360,"J+6",IF(D70*1440<=480,"J+8","8以上")))))) -> J+6
A71: 90588832002350235009 | B71: 46296.362 | C71: 0.67083333 | D71: =IF(OR(B71="",C71=""),"",ROUND((IF(C71<1,INT(B71)+C71,C71)-B71)*1440,0)/1440) -> 0.30902778 | E71: =IF(D71="","",IF(D71<0,"打日期",IF(D71*1440<=120,"J+2",IF(D71*1440<=240,"J+4",IF(D71*1440<=360,"J+6",IF(D71*1440<=480,"J+8","8以上")))))) -> J+8
A72: 93879780000650235006 | B72: 46296.371 | C72: 0.67013889 | D72: =IF(OR(B72="",C72=""),"",ROUND((IF(C72<1,INT(B72)+C72,C72)-B72)*1440,0)/1440) -> 0.29930556 | E72: =IF(D72="","",IF(D72<0,"打日期",IF(D72*1440<=120,"J+2",IF(D72*1440<=240,"J+4",IF(D72*1440<=360,"J+6",IF(D72*1440<=480,"J+8","8以上")))))) -> J+8
D73: =IF(OR(B73="",C73=""),"",ROUND((IF(C73<1,INT(B73)+C73,C73)-B73)*1440,0)/1440) | E73: =IF(D73="","",IF(D73<0,"打日期",IF(D73*1440<=120,"J+2",IF(D73*1440<=240,"J+4",IF(D73*1440<=360,"J+6",IF(D73*1440<=480,"J+8","8以上"))))))
D74: =IF(OR(B74="",C74=""),"",ROUND((IF(C74<1,INT(B74)+C74,C74)-B74)*1440,0)/1440) | E74: =IF(D74="","",IF(D74<0,"打日期",IF(D74*1440<=120,"J+2",IF(D74*1440<=240,"J+4",IF(D74*1440<=360,"J+6",IF(D74*1440<=480,"J+8","8以上"))))))
D75: =IF(OR(B75="",C75=""),"",ROUND((IF(C75<1,INT(B75)+C75,C75)-B75)*1440,0)/1440) | E75: =IF(D75="","",IF(D75<0,"打日期",IF(D75*1440<=120,"J+2",IF(D75*1440<=240,"J+4",IF(D75*1440<=360,"J+6",IF(D75*1440<=480,"J+8","8以上"))))))
D76: =IF(OR(B76="",C76=""),"",ROUND((IF(C76<1,INT(B76)+C76,C76)-B76)*1440,0)/1440) | E76: =IF(D76="","",IF(D76<0,"打日期",IF(D76*1440<=120,"J+2",IF(D76*1440<=240,"J+4",IF(D76*1440<=360,"J+6",IF(D76*1440<=480,"J+8","8以上"))))))
D77: =IF(OR(B77="",C77=""),"",ROUND((IF(C77<1,INT(B77)+C77,C77)-B77)*1440,0)/1440) | E77: =IF(D77="","",IF(D77<0,"打日期",IF(D77*1440<=120,"J+2",IF(D77*1440<=240,"J+4",IF(D77*1440<=360,"J+6",IF(D77*1440<=480,"J+8","8以上"))))))
A78: 十大都市:( 11時前交寄之郵件) 台北市(100-110)、板橋市(220)、桃園市(330)、中壢市(含平鎮，320、324)、新竹市(300)、台中市(400-408)、彰化市(500)、嘉義市(600)、台南市(700-709)、高雄市(800-804、806、807)互寄者。
A80: 製表: | C80: 主管:

Sheet 11
A1: 中和郵局 抽測國內快捷情形報告單
G2: ='01'!G2 -> 115年 | H2: 11月
A3: 互寄地區 | C3: 抽測件數 | D3: J+2時 件數 | E3: J+2時 投遞率 | F3: J+4時 件數 | G3: J+4時 投遞率 | H3: J+6時 件數 | I3: J+6時 投遞率 | J3: J+8時 件數 | K3: J+8時 投遞率 | L3: 8時以上 件數 | M3: 8時以上 投遞率 | N3: 符合時效比例 | O3: 平均 (時)數
A4: 本收本投 | C4: =D4+F4+H4+J4+L4 -> 0 | D4: =COUNTIF(11子本!$E$3:$E$17,"J+2") -> 0 | E4: =IF($C4=0,"",D4/$C4) | F4: =COUNTIF(11子本!$E$3:$E$17,"J+4") -> 0 | G4: =IF($C4=0,"",F4/$C4) | H4: =COUNTIF(11子本!$E$3:$E$17,"J+6") -> 0 | I4: =IF($C4=0,"",H4/$C4) | J4: =COUNTIF(11子本!$E$3:$E$17,"J+8") -> 0 | K4: =IF($C4=0,"",J4/$C4) | L4: =COUNTIF(11子本!$E$3:$E$17,"8以上") -> 0 | M4: =IF($C4=0,"",L4/$C4) | N4: 1 | O4: =IF($C4=0,"",(D4*2+F4*4+H4*6+J4*8+L4*8)/$C4)
A5: 主要都市間互寄 | C5: =D5+F5+H5+J5+L5 -> 0 | D5: =COUNTIF(11子本!$E$23:$E$37,"J+2") -> 0 | E5: =IF($C5=0,"",D5/$C5) | F5: =COUNTIF(11子本!$E$23:$E$37,"J+4") -> 0 | G5: =IF($C5=0,"",F5/$C5) | H5: =COUNTIF(11子本!$E$23:$E$37,"J+6") -> 0 | I5: =IF($C5=0,"",H5/$C5) | J5: =COUNTIF(11子本!$E$23:$E$37,"J+8") -> 0 | K5: =IF($C5=0,"",J5/$C5) | L5: =COUNTIF(11子本!$E$23:$E$37,"8以上") -> 0 | M5: =IF($C5=0,"",L5/$C5) | N5: 1 | O5: =IF($C5=0,"",(D5*2+F5*4+H5*6+J5*8+L5*8)/$C5)
A6: 區域內互寄 (北北基、台中、高雄、中彰投地區) | C6: =D6+F6+H6+J6+L6 -> 0 | D6: =COUNTIF(11子本!$E$43:$E$57,"J+2") -> 0 | E6: =IF($C6=0,"",D6/$C6) | F6: =COUNTIF(11子本!$E$43:$E$57,"J+4") -> 0 | G6: =IF($C6=0,"",F6/$C6) | H6: =COUNTIF(11子本!$E$43:$E$57,"J+6") -> 0 | I6: =IF($C6=0,"",H6/$C6) | J6: =COUNTIF(11子本!$E$43:$E$57,"J+8") -> 0 | K6: =IF($C6=0,"",J6/$C6) | L6: =COUNTIF(11子本!$E$43:$E$57,"8以上") -> 0 | M6: =IF($C6=0,"",L6/$C6) | N6: 1 | O6: =IF($C6=0,"",(D6*2+F6*4+H6*6+J6*8+L6*8)/$C6)
A7: 其他轉口 | C7: =D7+F7+H7+J7+L7 -> 0 | D7: =COUNTIF(11子本!$E$63:$E$77,"J+2") -> 0 | E7: =IF($C7=0,"",D7/$C7) | F7: =COUNTIF(11子本!$E$63:$E$77,"J+4") -> 0 | G7: =IF($C7=0,"",F7/$C7) | H7: =COUNTIF(11子本!$E$63:$E$77,"J+6") -> 0 | I7: =IF($C7=0,"",H7/$C7) | J7: =COUNTIF(11子本!$E$63:$E$77,"J+8") -> 0 | K7: =IF($C7=0,"",J7/$C7) | L7: =COUNTIF(11子本!$E$63:$E$77,"8以上") -> 0 | M7: =IF($C7=0,"",L7/$C7) | N7: 1 | O7: =IF($C7=0,"",(D7*2+F7*4+H7*6+J7*8+L7*8)/$C7)
A8: 說明：
A9: 1 | B9: 為瞭解國內快捷郵件寄遞時效，各局快捷單位應透過MQ或本公司全球資訊網查詢系統抽測「本收本投」、「主要都市互寄」、「區域內互寄」、「其他轉口」4類，每月至少各10件（抽查紀錄列印或記錄郵件號碼留局備查，保存1年），抽測結果於次月5日前寄管轄郵局郵務科彙整，於8日前上傳主機。
A10: 2 | B10: 抽測樣本：本收本投以15時前交寄、主要都市互寄11時前交寄、區域間互寄13時前交寄之郵件抽測為主。
A11: 3 | B11: 寄遞時效：自「交寄郵件」到「郵件投遞中」之處理狀態時間計算，四小時以內者填「ｊ＋4時」欄；逾四小時不逾六小時者填「ｊ＋6時」欄，餘類推。抽測結果有不符合時效標準者，請將相關地名列出，並檢討改善。
A12: 4 | B12: 十大都市互寄係指台北市(100-110)、板橋市(220)、桃園市(330)、中壢市(含平鎮，320、324)、新竹市(300)、台中市(400-408)、彰化市(500)、嘉義市(600)、台南市(700-709)、高雄市(800-804、806、807)互寄者。該欄位僅由該十大都市互寄局就相關之郵件抽測情形填註。
A13: 5 | B13: 平均(時)數：((J+2小時投遞率)*2+(J+4小時投遞率)*4+(J+6小時投遞率)*6+(J+8小時投遞率)*8+(J+8小時以上投遞率)*8)/100。
B14: 製表: | F14: 主管:

Sheet 11子本
A1: ="中和郵務股"&'11'!$G$2&'11'!$H$2&"份 本口 快捷郵遞時效表" -> 中和郵務股115年11月份 本口 快捷郵遞時效表
A2: 郵件號碼 | B2: 交寄時間 | C2: 交投時間 | D2: 時數 | E2: 時效
D3: =IF(OR(B3="",C3=""),"",ROUND((IF(C3<1,INT(B3)+C3,C3)-B3)*1440,0)/1440) | E3: =IF(D3="","",IF(D3<0,"打日期",IF(D3*1440<=120,"J+2",IF(D3*1440<=240,"J+4",IF(D3*1440<=360,"J+6",IF(D3*1440<=480,"J+8","8以上"))))))
D4: =IF(OR(B4="",C4=""),"",ROUND((IF(C4<1,INT(B4)+C4,C4)-B4)*1440,0)/1440) | E4: =IF(D4="","",IF(D4<0,"打日期",IF(D4*1440<=120,"J+2",IF(D4*1440<=240,"J+4",IF(D4*1440<=360,"J+6",IF(D4*1440<=480,"J+8","8以上"))))))
D5: =IF(OR(B5="",C5=""),"",ROUND((IF(C5<1,INT(B5)+C5,C5)-B5)*1440,0)/1440) | E5: =IF(D5="","",IF(D5<0,"打日期",IF(D5*1440<=120,"J+2",IF(D5*1440<=240,"J+4",IF(D5*1440<=360,"J+6",IF(D5*1440<=480,"J+8","8以上"))))))
D6: =IF(OR(B6="",C6=""),"",ROUND((IF(C6<1,INT(B6)+C6,C6)-B6)*1440,0)/1440) | E6: =IF(D6="","",IF(D6<0,"打日期",IF(D6*1440<=120,"J+2",IF(D6*1440<=240,"J+4",IF(D6*1440<=360,"J+6",IF(D6*1440<=480,"J+8","8以上"))))))
D7: =IF(OR(B7="",C7=""),"",ROUND((IF(C7<1,INT(B7)+C7,C7)-B7)*1440,0)/1440) | E7: =IF(D7="","",IF(D7<0,"打日期",IF(D7*1440<=120,"J+2",IF(D7*1440<=240,"J+4",IF(D7*1440<=360,"J+6",IF(D7*1440<=480,"J+8","8以上"))))))
D8: =IF(OR(B8="",C8=""),"",ROUND((IF(C8<1,INT(B8)+C8,C8)-B8)*1440,0)/1440) | E8: =IF(D8="","",IF(D8<0,"打日期",IF(D8*1440<=120,"J+2",IF(D8*1440<=240,"J+4",IF(D8*1440<=360,"J+6",IF(D8*1440<=480,"J+8","8以上"))))))
D9: =IF(OR(B9="",C9=""),"",ROUND((IF(C9<1,INT(B9)+C9,C9)-B9)*1440,0)/1440) | E9: =IF(D9="","",IF(D9<0,"打日期",IF(D9*1440<=120,"J+2",IF(D9*1440<=240,"J+4",IF(D9*1440<=360,"J+6",IF(D9*1440<=480,"J+8","8以上"))))))
D10: =IF(OR(B10="",C10=""),"",ROUND((IF(C10<1,INT(B10)+C10,C10)-B10)*1440,0)/1440) | E10: =IF(D10="","",IF(D10<0,"打日期",IF(D10*1440<=120,"J+2",IF(D10*1440<=240,"J+4",IF(D10*1440<=360,"J+6",IF(D10*1440<=480,"J+8","8以上"))))))
D11: =IF(OR(B11="",C11=""),"",ROUND((IF(C11<1,INT(B11)+C11,C11)-B11)*1440,0)/1440) | E11: =IF(D11="","",IF(D11<0,"打日期",IF(D11*1440<=120,"J+2",IF(D11*1440<=240,"J+4",IF(D11*1440<=360,"J+6",IF(D11*1440<=480,"J+8","8以上"))))))
D12: =IF(OR(B12="",C12=""),"",ROUND((IF(C12<1,INT(B12)+C12,C12)-B12)*1440,0)/1440) | E12: =IF(D12="","",IF(D12<0,"打日期",IF(D12*1440<=120,"J+2",IF(D12*1440<=240,"J+4",IF(D12*1440<=360,"J+6",IF(D12*1440<=480,"J+8","8以上"))))))
D13: =IF(OR(B13="",C13=""),"",ROUND((IF(C13<1,INT(B13)+C13,C13)-B13)*1440,0)/1440) | E13: =IF(D13="","",IF(D13<0,"打日期",IF(D13*1440<=120,"J+2",IF(D13*1440<=240,"J+4",IF(D13*1440<=360,"J+6",IF(D13*1440<=480,"J+8","8以上"))))))
D14: =IF(OR(B14="",C14=""),"",ROUND((IF(C14<1,INT(B14)+C14,C14)-B14)*1440,0)/1440) | E14: =IF(D14="","",IF(D14<0,"打日期",IF(D14*1440<=120,"J+2",IF(D14*1440<=240,"J+4",IF(D14*1440<=360,"J+6",IF(D14*1440<=480,"J+8","8以上"))))))
... D17: =IF(OR(B17="",C17=""),"",ROUND((IF(C17<1,INT(B17)+C17,C17)-B17)*1440,0)/1440) | E17: =IF(D17="","",IF(D17<0,"打日期",IF(D17*1440<=120,"J+2",IF(D17*1440<=240,"J+4",IF(D17*1440<=360,"J+6",IF(D17*1440<=480,"J+8","8以上"))))))
A18: 本地互寄:( 15時前交寄之郵件) 板橋市22071~81、92
A20: 製表: | C20: 主管:
A21: ="中和郵務股"&'11'!$G$2&'11'!$H$2&"份 十大都會區 快捷郵遞時效表" -> 中和郵務股115年11月份 十大都會區 快捷郵遞時效表
A22: 郵件號碼 | B22: 交寄時間 | C22: 交投時間 | D22: 時數 | E22: 時效
D23: =IF(OR(B23="",C23=""),"",ROUND((IF(C23<1,INT(B23)+C23,C23)-B23)*1440,0)/1440) | E23: =IF(D23="","",IF(D23<0,"打日期",IF(D23*1440<=120,"J+2",IF(D23*1440<=240,"J+4",IF(D23*1440<=360,"J+6",IF(D23*1440<=480,"J+8","8以上"))))))
D24: =IF(OR(B24="",C24=""),"",ROUND((IF(C24<1,INT(B24)+C24,C24)-B24)*1440,0)/1440) | E24: =IF(D24="","",IF(D24<0,"打日期",IF(D24*1440<=120,"J+2",IF(D24*1440<=240,"J+4",IF(D24*1440<=360,"J+6",IF(D24*1440<=480,"J+8","8以上"))))))
D25: =IF(OR(B25="",C25=""),"",ROUND((IF(C25<1,INT(B25)+C25,C25)-B25)*1440,0)/1440) | E25: =IF(D25="","",IF(D25<0,"打日期",IF(D25*1440<=120,"J+2",IF(D25*1440<=240,"J+4",IF(D25*1440<=360,"J+6",IF(D25*1440<=480,"J+8","8以上"))))))
D26: =IF(OR(B26="",C26=""),"",ROUND((IF(C26<1,INT(B26)+C26,C26)-B26)*1440,0)/1440) | E26: =IF(D26="","",IF(D26<0,"打日期",IF(D26*1440<=120,"J+2",IF(D26*1440<=240,"J+4",IF(D26*1440<=360,"J+6",IF(D26*1440<=480,"J+8","8以上"))))))
D27: =IF(OR(B27="",C27=""),"",ROUND((IF(C27<1,INT(B27)+C27,C27)-B27)*1440,0)/1440) | E27: =IF(D27="","",IF(D27<0,"打日期",IF(D27*1440<=120,"J+2",IF(D27*1440<=240,"J+4",IF(D27*1440<=360,"J+6",IF(D27*1440<=480,"J+8","8以上"))))))
D28: =IF(OR(B28="",C28=""),"",ROUND((IF(C28<1,INT(B28)+C28,C28)-B28)*1440,0)/1440) | E28: =IF(D28="","",IF(D28<0,"打日期",IF(D28*1440<=120,"J+2",IF(D28*1440<=240,"J+4",IF(D28*1440<=360,"J+6",IF(D28*1440<=480,"J+8","8以上"))))))
D29: =IF(OR(B29="",C29=""),"",ROUND((IF(C29<1,INT(B29)+C29,C29)-B29)*1440,0)/1440) | E29: =IF(D29="","",IF(D29<0,"打日期",IF(D29*1440<=120,"J+2",IF(D29*1440<=240,"J+4",IF(D29*1440<=360,"J+6",IF(D29*1440<=480,"J+8","8以上"))))))
D30: =IF(OR(B30="",C30=""),"",ROUND((IF(C30<1,INT(B30)+C30,C30)-B30)*1440,0)/1440) | E30: =IF(D30="","",IF(D30<0,"打日期",IF(D30*1440<=120,"J+2",IF(D30*1440<=240,"J+4",IF(D30*1440<=360,"J+6",IF(D30*1440<=480,"J+8","8以上"))))))
D31: =IF(OR(B31="",C31=""),"",ROUND((IF(C31<1,INT(B31)+C31,C31)-B31)*1440,0)/1440) | E31: =IF(D31="","",IF(D31<0,"打日期",IF(D31*1440<=120,"J+2",IF(D31*1440<=240,"J+4",IF(D31*1440<=360,"J+6",IF(D31*1440<=480,"J+8","8以上"))))))
D32: =IF(OR(B32="",C32=""),"",ROUND((IF(C32<1,INT(B32)+C32,C32)-B32)*1440,0)/1440) | E32: =IF(D32="","",IF(D32<0,"打日期",IF(D32*1440<=120,"J+2",IF(D32*1440<=240,"J+4",IF(D32*1440<=360,"J+6",IF(D32*1440<=480,"J+8","8以上"))))))
D33: =IF(OR(B33="",C33=""),"",ROUND((IF(C33<1,INT(B33)+C33,C33)-B33)*1440,0)/1440) | E33: =IF(D33="","",IF(D33<0,"打日期",IF(D33*1440<=120,"J+2",IF(D33*1440<=240,"J+4",IF(D33*1440<=360,"J+6",IF(D33*1440<=480,"J+8","8以上"))))))
D34: =IF(OR(B34="",C34=""),"",ROUND((IF(C34<1,INT(B34)+C34,C34)-B34)*1440,0)/1440) | E34: =IF(D34="","",IF(D34<0,"打日期",IF(D34*1440<=120,"J+2",IF(D34*1440<=240,"J+4",IF(D34*1440<=360,"J+6",IF(D34*1440<=480,"J+8","8以上"))))))
... D37: =IF(OR(B37="",C37=""),"",ROUND((IF(C37<1,INT(B37)+C37,C37)-B37)*1440,0)/1440) | E37: =IF(D37="","",IF(D37<0,"打日期",IF(D37*1440<=120,"J+2",IF(D37*1440<=240,"J+4",IF(D37*1440<=360,"J+6",IF(D37*1440<=480,"J+8","8以上"))))))
A38: 十大都市:( 11時前交寄之郵件) 台北市(100-110)、基隆市(200~206)、桃園市(330)、中壢市(含平鎮，320、324)、台中市(400-408)、彰化市(500)、嘉義市(600)、台南市(700-709)、高雄市(800-804、806、807)互寄者。
A40: 製表: | C40: 主管:
A41: ="中和郵務股"&'11'!$G$2&'11'!$H$2&"份 區域內互寄 快捷郵遞時效表" -> 中和郵務股115年11月份 區域內互寄 快捷郵遞時效表
A42: 郵件號碼 | B42: 交寄時間 | C42: 交投時間 | D42: 時數 | E42: 時效
D43: =IF(OR(B43="",C43=""),"",ROUND((IF(C43<1,INT(B43)+C43,C43)-B43)*1440,0)/1440) | E43: =IF(D43="","",IF(D43<0,"打日期",IF(D43*1440<=120,"J+2",IF(D43*1440<=240,"J+4",IF(D43*1440<=360,"J+6",IF(D43*1440<=480,"J+8","8以上"))))))
D44: =IF(OR(B44="",C44=""),"",ROUND((IF(C44<1,INT(B44)+C44,C44)-B44)*1440,0)/1440) | E44: =IF(D44="","",IF(D44<0,"打日期",IF(D44*1440<=120,"J+2",IF(D44*1440<=240,"J+4",IF(D44*1440<=360,"J+6",IF(D44*1440<=480,"J+8","8以上"))))))
D45: =IF(OR(B45="",C45=""),"",ROUND((IF(C45<1,INT(B45)+C45,C45)-B45)*1440,0)/1440) | E45: =IF(D45="","",IF(D45<0,"打日期",IF(D45*1440<=120,"J+2",IF(D45*1440<=240,"J+4",IF(D45*1440<=360,"J+6",IF(D45*1440<=480,"J+8","8以上"))))))
D46: =IF(OR(B46="",C46=""),"",ROUND((IF(C46<1,INT(B46)+C46,C46)-B46)*1440,0)/1440) | E46: =IF(D46="","",IF(D46<0,"打日期",IF(D46*1440<=120,"J+2",IF(D46*1440<=240,"J+4",IF(D46*1440<=360,"J+6",IF(D46*1440<=480,"J+8","8以上"))))))
D47: =IF(OR(B47="",C47=""),"",ROUND((IF(C47<1,INT(B47)+C47,C47)-B47)*1440,0)/1440) | E47: =IF(D47="","",IF(D47<0,"打日期",IF(D47*1440<=120,"J+2",IF(D47*1440<=240,"J+4",IF(D47*1440<=360,"J+6",IF(D47*1440<=480,"J+8","8以上"))))))
D48: =IF(OR(B48="",C48=""),"",ROUND((IF(C48<1,INT(B48)+C48,C48)-B48)*1440,0)/1440) | E48: =IF(D48="","",IF(D48<0,"打日期",IF(D48*1440<=120,"J+2",IF(D48*1440<=240,"J+4",IF(D48*1440<=360,"J+6",IF(D48*1440<=480,"J+8","8以上"))))))
D49: =IF(OR(B49="",C49=""),"",ROUND((IF(C49<1,INT(B49)+C49,C49)-B49)*1440,0)/1440) | E49: =IF(D49="","",IF(D49<0,"打日期",IF(D49*1440<=120,"J+2",IF(D49*1440<=240,"J+4",IF(D49*1440<=360,"J+6",IF(D49*1440<=480,"J+8","8以上"))))))
D50: =IF(OR(B50="",C50=""),"",ROUND((IF(C50<1,INT(B50)+C50,C50)-B50)*1440,0)/1440) | E50: =IF(D50="","",IF(D50<0,"打日期",IF(D50*1440<=120,"J+2",IF(D50*1440<=240,"J+4",IF(D50*1440<=360,"J+6",IF(D50*1440<=480,"J+8","8以上"))))))
D51: =IF(OR(B51="",C51=""),"",ROUND((IF(C51<1,INT(B51)+C51,C51)-B51)*1440,0)/1440) | E51: =IF(D51="","",IF(D51<0,"打日期",IF(D51*1440<=120,"J+2",IF(D51*1440<=240,"J+4",IF(D51*1440<=360,"J+6",IF(D51*1440<=480,"J+8","8以上"))))))
D52: =IF(OR(B52="",C52=""),"",ROUND((IF(C52<1,INT(B52)+C52,C52)-B52)*1440,0)/1440) | E52: =IF(D52="","",IF(D52<0,"打日期",IF(D52*1440<=120,"J+2",IF(D52*1440<=240,"J+4",IF(D52*1440<=360,"J+6",IF(D52*1440<=480,"J+8","8以上"))))))
D53: =IF(OR(B53="",C53=""),"",ROUND((IF(C53<1,INT(B53)+C53,C53)-B53)*1440,0)/1440) | E53: =IF(D53="","",IF(D53<0,"打日期",IF(D53*1440<=120,"J+2",IF(D53*1440<=240,"J+4",IF(D53*1440<=360,"J+6",IF(D53*1440<=480,"J+8","8以上"))))))
D54: =IF(OR(B54="",C54=""),"",ROUND((IF(C54<1,INT(B54)+C54,C54)-B54)*1440,0)/1440) | E54: =IF(D54="","",IF(D54<0,"打日期",IF(D54*1440<=120,"J+2",IF(D54*1440<=240,"J+4",IF(D54*1440<=360,"J+6",IF(D54*1440<=480,"J+8","8以上"))))))
... D57: =IF(OR(B57="",C57=""),"",ROUND((IF(C57<1,INT(B57)+C57,C57)-B57)*1440,0)/1440) | E57: =IF(D57="","",IF(D57<0,"打日期",IF(D57*1440<=120,"J+2",IF(D57*1440<=240,"J+4",IF(D57*1440<=360,"J+6",IF(D57*1440<=480,"J+8","8以上"))))))
A58: 區域互寄:( 13時前交寄之郵件) 220、241、360、420
A60: 製表: | C60: 主管:
A61: ="中和郵務股"&'11'!$G$2&'11'!$H$2&"份 轉口 快捷郵遞時效表" -> 中和郵務股115年11月份 轉口 快捷郵遞時效表
A62: 郵件號碼 | B62: 交寄時間 | C62: 交投時間 | D62: 時數 | E62: 時效
D63: =IF(OR(B63="",C63=""),"",ROUND((IF(C63<1,INT(B63)+C63,C63)-B63)*1440,0)/1440) | E63: =IF(D63="","",IF(D63<0,"打日期",IF(D63*1440<=120,"J+2",IF(D63*1440<=240,"J+4",IF(D63*1440<=360,"J+6",IF(D63*1440<=480,"J+8","8以上"))))))
D64: =IF(OR(B64="",C64=""),"",ROUND((IF(C64<1,INT(B64)+C64,C64)-B64)*1440,0)/1440) | E64: =IF(D64="","",IF(D64<0,"打日期",IF(D64*1440<=120,"J+2",IF(D64*1440<=240,"J+4",IF(D64*1440<=360,"J+6",IF(D64*1440<=480,"J+8","8以上"))))))
D65: =IF(OR(B65="",C65=""),"",ROUND((IF(C65<1,INT(B65)+C65,C65)-B65)*1440,0)/1440) | E65: =IF(D65="","",IF(D65<0,"打日期",IF(D65*1440<=120,"J+2",IF(D65*1440<=240,"J+4",IF(D65*1440<=360,"J+6",IF(D65*1440<=480,"J+8","8以上"))))))
D66: =IF(OR(B66="",C66=""),"",ROUND((IF(C66<1,INT(B66)+C66,C66)-B66)*1440,0)/1440) | E66: =IF(D66="","",IF(D66<0,"打日期",IF(D66*1440<=120,"J+2",IF(D66*1440<=240,"J+4",IF(D66*1440<=360,"J+6",IF(D66*1440<=480,"J+8","8以上"))))))
D67: =IF(OR(B67="",C67=""),"",ROUND((IF(C67<1,INT(B67)+C67,C67)-B67)*1440,0)/1440) | E67: =IF(D67="","",IF(D67<0,"打日期",IF(D67*1440<=120,"J+2",IF(D67*1440<=240,"J+4",IF(D67*1440<=360,"J+6",IF(D67*1440<=480,"J+8","8以上"))))))
D68: =IF(OR(B68="",C68=""),"",ROUND((IF(C68<1,INT(B68)+C68,C68)-B68)*1440,0)/1440) | E68: =IF(D68="","",IF(D68<0,"打日期",IF(D68*1440<=120,"J+2",IF(D68*1440<=240,"J+4",IF(D68*1440<=360,"J+6",IF(D68*1440<=480,"J+8","8以上"))))))
D69: =IF(OR(B69="",C69=""),"",ROUND((IF(C69<1,INT(B69)+C69,C69)-B69)*1440,0)/1440) | E69: =IF(D69="","",IF(D69<0,"打日期",IF(D69*1440<=120,"J+2",IF(D69*1440<=240,"J+4",IF(D69*1440<=360,"J+6",IF(D69*1440<=480,"J+8","8以上"))))))
D70: =IF(OR(B70="",C70=""),"",ROUND((IF(C70<1,INT(B70)+C70,C70)-B70)*1440,0)/1440) | E70: =IF(D70="","",IF(D70<0,"打日期",IF(D70*1440<=120,"J+2",IF(D70*1440<=240,"J+4",IF(D70*1440<=360,"J+6",IF(D70*1440<=480,"J+8","8以上"))))))
D71: =IF(OR(B71="",C71=""),"",ROUND((IF(C71<1,INT(B71)+C71,C71)-B71)*1440,0)/1440) | E71: =IF(D71="","",IF(D71<0,"打日期",IF(D71*1440<=120,"J+2",IF(D71*1440<=240,"J+4",IF(D71*1440<=360,"J+6",IF(D71*1440<=480,"J+8","8以上"))))))
D72: =IF(OR(B72="",C72=""),"",ROUND((IF(C72<1,INT(B72)+C72,C72)-B72)*1440,0)/1440) | E72: =IF(D72="","",IF(D72<0,"打日期",IF(D72*1440<=120,"J+2",IF(D72*1440<=240,"J+4",IF(D72*1440<=360,"J+6",IF(D72*1440<=480,"J+8","8以上"))))))
D73: =IF(OR(B73="",C73=""),"",ROUND((IF(C73<1,INT(B73)+C73,C73)-B73)*1440,0)/1440) | E73: =IF(D73="","",IF(D73<0,"打日期",IF(D73*1440<=120,"J+2",IF(D73*1440<=240,"J+4",IF(D73*1440<=360,"J+6",IF(D73*1440<=480,"J+8","8以上"))))))
D74: =IF(OR(B74="",C74=""),"",ROUND((IF(C74<1,INT(B74)+C74,C74)-B74)*1440,0)/1440) | E74: =IF(D74="","",IF(D74<0,"打日期",IF(D74*1440<=120,"J+2",IF(D74*1440<=240,"J+4",IF(D74*1440<=360,"J+6",IF(D74*1440<=480,"J+8","8以上"))))))
... D77: =IF(OR(B77="",C77=""),"",ROUND((IF(C77<1,INT(B77)+C77,C77)-B77)*1440,0)/1440) | E77: =IF(D77="","",IF(D77<0,"打日期",IF(D77*1440<=120,"J+2",IF(D77*1440<=240,"J+4",IF(D77*1440<=360,"J+6",IF(D77*1440<=480,"J+8","8以上"))))))
A78: 十大都市:( 11時前交寄之郵件) 台北市(100-110)、板橋市(220)、桃園市(330)、中壢市(含平鎮，320、324)、新竹市(300)、台中市(400-408)、彰化市(500)、嘉義市(600)、台南市(700-709)、高雄市(800-804、806、807)互寄者。
A80: 製表: | C80: 主管:

Sheet 12
A1: 中和郵局 抽測國內快捷情形報告單
G2: ='01'!G2 -> 115年 | H2: 12月
A3: 互寄地區 | C3: 抽測件數 | D3: J+2時 件數 | E3: J+2時 投遞率 | F3: J+4時 件數 | G3: J+4時 投遞率 | H3: J+6時 件數 | I3: J+6時 投遞率 | J3: J+8時 件數 | K3: J+8時 投遞率 | L3: 8時以上 件數 | M3: 8時以上 投遞率 | N3: 符合時效比例 | O3: 平均 (時)數
A4: 本收本投 | C4: =D4+F4+H4+J4+L4 -> 0 | D4: =COUNTIF(12子本!$E$3:$E$17,"J+2") -> 0 | E4: =IF($C4=0,"",D4/$C4) | F4: =COUNTIF(12子本!$E$3:$E$17,"J+4") -> 0 | G4: =IF($C4=0,"",F4/$C4) | H4: =COUNTIF(12子本!$E$3:$E$17,"J+6") -> 0 | I4: =IF($C4=0,"",H4/$C4) | J4: =COUNTIF(12子本!$E$3:$E$17,"J+8") -> 0 | K4: =IF($C4=0,"",J4/$C4) | L4: =COUNTIF(12子本!$E$3:$E$17,"8以上") -> 0 | M4: =IF($C4=0,"",L4/$C4) | N4: 1 | O4: =IF($C4=0,"",(D4*2+F4*4+H4*6+J4*8+L4*8)/$C4)
A5: 主要都市間互寄 | C5: =D5+F5+H5+J5+L5 -> 0 | D5: =COUNTIF(12子本!$E$23:$E$37,"J+2") -> 0 | E5: =IF($C5=0,"",D5/$C5) | F5: =COUNTIF(12子本!$E$23:$E$37,"J+4") -> 0 | G5: =IF($C5=0,"",F5/$C5) | H5: =COUNTIF(12子本!$E$23:$E$37,"J+6") -> 0 | I5: =IF($C5=0,"",H5/$C5) | J5: =COUNTIF(12子本!$E$23:$E$37,"J+8") -> 0 | K5: =IF($C5=0,"",J5/$C5) | L5: =COUNTIF(12子本!$E$23:$E$37,"8以上") -> 0 | M5: =IF($C5=0,"",L5/$C5) | N5: 1 | O5: =IF($C5=0,"",(D5*2+F5*4+H5*6+J5*8+L5*8)/$C5)
A6: 區域內互寄 (北北基、台中、高雄、中彰投地區) | C6: =D6+F6+H6+J6+L6 -> 0 | D6: =COUNTIF(12子本!$E$43:$E$57,"J+2") -> 0 | E6: =IF($C6=0,"",D6/$C6) | F6: =COUNTIF(12子本!$E$43:$E$57,"J+4") -> 0 | G6: =IF($C6=0,"",F6/$C6) | H6: =COUNTIF(12子本!$E$43:$E$57,"J+6") -> 0 | I6: =IF($C6=0,"",H6/$C6) | J6: =COUNTIF(12子本!$E$43:$E$57,"J+8") -> 0 | K6: =IF($C6=0,"",J6/$C6) | L6: =COUNTIF(12子本!$E$43:$E$57,"8以上") -> 0 | M6: =IF($C6=0,"",L6/$C6) | N6: 1 | O6: =IF($C6=0,"",(D6*2+F6*4+H6*6+J6*8+L6*8)/$C6)
A7: 其他轉口 | C7: =D7+F7+H7+J7+L7 -> 0 | D7: =COUNTIF(12子本!$E$63:$E$77,"J+2") -> 0 | E7: =IF($C7=0,"",D7/$C7) | F7: =COUNTIF(12子本!$E$63:$E$77,"J+4") -> 0 | G7: =IF($C7=0,"",F7/$C7) | H7: =COUNTIF(12子本!$E$63:$E$77,"J+6") -> 0 | I7: =IF($C7=0,"",H7/$C7) | J7: =COUNTIF(12子本!$E$63:$E$77,"J+8") -> 0 | K7: =IF($C7=0,"",J7/$C7) | L7: =COUNTIF(12子本!$E$63:$E$77,"8以上") -> 0 | M7: =IF($C7=0,"",L7/$C7) | N7: 1 | O7: =IF($C7=0,"",(D7*2+F7*4+H7*6+J7*8+L7*8)/$C7)
A8: 說明：
A9: 1 | B9: 為瞭解國內快捷郵件寄遞時效，各局快捷單位應透過MQ或本公司全球資訊網查詢系統抽測「本收本投」、「主要都市互寄」、「區域內互寄」、「其他轉口」4類，每月至少各10件（抽查紀錄列印或記錄郵件號碼留局備查，保存1年），抽測結果於次月5日前寄管轄郵局郵務科彙整，於8日前上傳主機。
A10: 2 | B10: 抽測樣本：本收本投以15時前交寄、主要都市互寄11時前交寄、區域間互寄13時前交寄之郵件抽測為主。
A11: 3 | B11: 寄遞時效：自「交寄郵件」到「郵件投遞中」之處理狀態時間計算，四小時以內者填「ｊ＋4時」欄；逾四小時不逾六小時者填「ｊ＋6時」欄，餘類推。抽測結果有不符合時效標準者，請將相關地名列出，並檢討改善。
A12: 4 | B12: 十大都市互寄係指台北市(100-110)、板橋市(220)、桃園市(330)、中壢市(含平鎮，320、324)、新竹市(300)、台中市(400-408)、彰化市(500)、嘉義市(600)、台南市(700-709)、高雄市(800-804、806、807)互寄者。該欄位僅由該十大都市互寄局就相關之郵件抽測情形填註。
A13: 5 | B13: 平均(時)數：((J+2小時投遞率)*2+(J+4小時投遞率)*4+(J+6小時投遞率)*6+(J+8小時投遞率)*8+(J+8小時以上投遞率)*8)/100。
B14: 製表: | F14: 主管:

Sheet 12子本
A1: ="中和郵務股"&'12'!$G$2&'12'!$H$2&"份 本口 快捷郵遞時效表" -> 中和郵務股115年12月份 本口 快捷郵遞時效表
A2: 郵件號碼 | B2: 交寄時間 | C2: 交投時間 | D2: 時數 | E2: 時效
D3: =IF(OR(B3="",C3=""),"",ROUND((IF(C3<1,INT(B3)+C3,C3)-B3)*1440,0)/1440) | E3: =IF(D3="","",IF(D3<0,"打日期",IF(D3*1440<=120,"J+2",IF(D3*1440<=240,"J+4",IF(D3*1440<=360,"J+6",IF(D3*1440<=480,"J+8","8以上"))))))
D4: =IF(OR(B4="",C4=""),"",ROUND((IF(C4<1,INT(B4)+C4,C4)-B4)*1440,0)/1440) | E4: =IF(D4="","",IF(D4<0,"打日期",IF(D4*1440<=120,"J+2",IF(D4*1440<=240,"J+4",IF(D4*1440<=360,"J+6",IF(D4*1440<=480,"J+8","8以上"))))))
D5: =IF(OR(B5="",C5=""),"",ROUND((IF(C5<1,INT(B5)+C5,C5)-B5)*1440,0)/1440) | E5: =IF(D5="","",IF(D5<0,"打日期",IF(D5*1440<=120,"J+2",IF(D5*1440<=240,"J+4",IF(D5*1440<=360,"J+6",IF(D5*1440<=480,"J+8","8以上"))))))
D6: =IF(OR(B6="",C6=""),"",ROUND((IF(C6<1,INT(B6)+C6,C6)-B6)*1440,0)/1440) | E6: =IF(D6="","",IF(D6<0,"打日期",IF(D6*1440<=120,"J+2",IF(D6*1440<=240,"J+4",IF(D6*1440<=360,"J+6",IF(D6*1440<=480,"J+8","8以上"))))))
D7: =IF(OR(B7="",C7=""),"",ROUND((IF(C7<1,INT(B7)+C7,C7)-B7)*1440,0)/1440) | E7: =IF(D7="","",IF(D7<0,"打日期",IF(D7*1440<=120,"J+2",IF(D7*1440<=240,"J+4",IF(D7*1440<=360,"J+6",IF(D7*1440<=480,"J+8","8以上"))))))
D8: =IF(OR(B8="",C8=""),"",ROUND((IF(C8<1,INT(B8)+C8,C8)-B8)*1440,0)/1440) | E8: =IF(D8="","",IF(D8<0,"打日期",IF(D8*1440<=120,"J+2",IF(D8*1440<=240,"J+4",IF(D8*1440<=360,"J+6",IF(D8*1440<=480,"J+8","8以上"))))))
D9: =IF(OR(B9="",C9=""),"",ROUND((IF(C9<1,INT(B9)+C9,C9)-B9)*1440,0)/1440) | E9: =IF(D9="","",IF(D9<0,"打日期",IF(D9*1440<=120,"J+2",IF(D9*1440<=240,"J+4",IF(D9*1440<=360,"J+6",IF(D9*1440<=480,"J+8","8以上"))))))
D10: =IF(OR(B10="",C10=""),"",ROUND((IF(C10<1,INT(B10)+C10,C10)-B10)*1440,0)/1440) | E10: =IF(D10="","",IF(D10<0,"打日期",IF(D10*1440<=120,"J+2",IF(D10*1440<=240,"J+4",IF(D10*1440<=360,"J+6",IF(D10*1440<=480,"J+8","8以上"))))))
D11: =IF(OR(B11="",C11=""),"",ROUND((IF(C11<1,INT(B11)+C11,C11)-B11)*1440,0)/1440) | E11: =IF(D11="","",IF(D11<0,"打日期",IF(D11*1440<=120,"J+2",IF(D11*1440<=240,"J+4",IF(D11*1440<=360,"J+6",IF(D11*1440<=480,"J+8","8以上"))))))
D12: =IF(OR(B12="",C12=""),"",ROUND((IF(C12<1,INT(B12)+C12,C12)-B12)*1440,0)/1440) | E12: =IF(D12="","",IF(D12<0,"打日期",IF(D12*1440<=120,"J+2",IF(D12*1440<=240,"J+4",IF(D12*1440<=360,"J+6",IF(D12*1440<=480,"J+8","8以上"))))))
D13: =IF(OR(B13="",C13=""),"",ROUND((IF(C13<1,INT(B13)+C13,C13)-B13)*1440,0)/1440) | E13: =IF(D13="","",IF(D13<0,"打日期",IF(D13*1440<=120,"J+2",IF(D13*1440<=240,"J+4",IF(D13*1440<=360,"J+6",IF(D13*1440<=480,"J+8","8以上"))))))
D14: =IF(OR(B14="",C14=""),"",ROUND((IF(C14<1,INT(B14)+C14,C14)-B14)*1440,0)/1440) | E14: =IF(D14="","",IF(D14<0,"打日期",IF(D14*1440<=120,"J+2",IF(D14*1440<=240,"J+4",IF(D14*1440<=360,"J+6",IF(D14*1440<=480,"J+8","8以上"))))))
... D17: =IF(OR(B17="",C17=""),"",ROUND((IF(C17<1,INT(B17)+C17,C17)-B17)*1440,0)/1440) | E17: =IF(D17="","",IF(D17<0,"打日期",IF(D17*1440<=120,"J+2",IF(D17*1440<=240,"J+4",IF(D17*1440<=360,"J+6",IF(D17*1440<=480,"J+8","8以上"))))))
A18: 本地互寄:( 15時前交寄之郵件) 板橋市22071~81、92
A20: 製表: | C20: 主管:
A21: ="中和郵務股"&'12'!$G$2&'12'!$H$2&"份 十大都會區 快捷郵遞時效表" -> 中和郵務股115年12月份 十大都會區 快捷郵遞時效表
A22: 郵件號碼 | B22: 交寄時間 | C22: 交投時間 | D22: 時數 | E22: 時效
D23: =IF(OR(B23="",C23=""),"",ROUND((IF(C23<1,INT(B23)+C23,C23)-B23)*1440,0)/1440) | E23: =IF(D23="","",IF(D23<0,"打日期",IF(D23*1440<=120,"J+2",IF(D23*1440<=240,"J+4",IF(D23*1440<=360,"J+6",IF(D23*1440<=480,"J+8","8以上"))))))
D24: =IF(OR(B24="",C24=""),"",ROUND((IF(C24<1,INT(B24)+C24,C24)-B24)*1440,0)/1440) | E24: =IF(D24="","",IF(D24<0,"打日期",IF(D24*1440<=120,"J+2",IF(D24*1440<=240,"J+4",IF(D24*1440<=360,"J+6",IF(D24*1440<=480,"J+8","8以上"))))))
D25: =IF(OR(B25="",C25=""),"",ROUND((IF(C25<1,INT(B25)+C25,C25)-B25)*1440,0)/1440) | E25: =IF(D25="","",IF(D25<0,"打日期",IF(D25*1440<=120,"J+2",IF(D25*1440<=240,"J+4",IF(D25*1440<=360,"J+6",IF(D25*1440<=480,"J+8","8以上"))))))
D26: =IF(OR(B26="",C26=""),"",ROUND((IF(C26<1,INT(B26)+C26,C26)-B26)*1440,0)/1440) | E26: =IF(D26="","",IF(D26<0,"打日期",IF(D26*1440<=120,"J+2",IF(D26*1440<=240,"J+4",IF(D26*1440<=360,"J+6",IF(D26*1440<=480,"J+8","8以上"))))))
D27: =IF(OR(B27="",C27=""),"",ROUND((IF(C27<1,INT(B27)+C27,C27)-B27)*1440,0)/1440) | E27: =IF(D27="","",IF(D27<0,"打日期",IF(D27*1440<=120,"J+2",IF(D27*1440<=240,"J+4",IF(D27*1440<=360,"J+6",IF(D27*1440<=480,"J+8","8以上"))))))
D28: =IF(OR(B28="",C28=""),"",ROUND((IF(C28<1,INT(B28)+C28,C28)-B28)*1440,0)/1440) | E28: =IF(D28="","",IF(D28<0,"打日期",IF(D28*1440<=120,"J+2",IF(D28*1440<=240,"J+4",IF(D28*1440<=360,"J+6",IF(D28*1440<=480,"J+8","8以上"))))))
D29: =IF(OR(B29="",C29=""),"",ROUND((IF(C29<1,INT(B29)+C29,C29)-B29)*1440,0)/1440) | E29: =IF(D29="","",IF(D29<0,"打日期",IF(D29*1440<=120,"J+2",IF(D29*1440<=240,"J+4",IF(D29*1440<=360,"J+6",IF(D29*1440<=480,"J+8","8以上"))))))
D30: =IF(OR(B30="",C30=""),"",ROUND((IF(C30<1,INT(B30)+C30,C30)-B30)*1440,0)/1440) | E30: =IF(D30="","",IF(D30<0,"打日期",IF(D30*1440<=120,"J+2",IF(D30*1440<=240,"J+4",IF(D30*1440<=360,"J+6",IF(D30*1440<=480,"J+8","8以上"))))))
D31: =IF(OR(B31="",C31=""),"",ROUND((IF(C31<1,INT(B31)+C31,C31)-B31)*1440,0)/1440) | E31: =IF(D31="","",IF(D31<0,"打日期",IF(D31*1440<=120,"J+2",IF(D31*1440<=240,"J+4",IF(D31*1440<=360,"J+6",IF(D31*1440<=480,"J+8","8以上"))))))
D32: =IF(OR(B32="",C32=""),"",ROUND((IF(C32<1,INT(B32)+C32,C32)-B32)*1440,0)/1440) | E32: =IF(D32="","",IF(D32<0,"打日期",IF(D32*1440<=120,"J+2",IF(D32*1440<=240,"J+4",IF(D32*1440<=360,"J+6",IF(D32*1440<=480,"J+8","8以上"))))))
D33: =IF(OR(B33="",C33=""),"",ROUND((IF(C33<1,INT(B33)+C33,C33)-B33)*1440,0)/1440) | E33: =IF(D33="","",IF(D33<0,"打日期",IF(D33*1440<=120,"J+2",IF(D33*1440<=240,"J+4",IF(D33*1440<=360,"J+6",IF(D33*1440<=480,"J+8","8以上"))))))
D34: =IF(OR(B34="",C34=""),"",ROUND((IF(C34<1,INT(B34)+C34,C34)-B34)*1440,0)/1440) | E34: =IF(D34="","",IF(D34<0,"打日期",IF(D34*1440<=120,"J+2",IF(D34*1440<=240,"J+4",IF(D34*1440<=360,"J+6",IF(D34*1440<=480,"J+8","8以上"))))))
... D37: =IF(OR(B37="",C37=""),"",ROUND((IF(C37<1,INT(B37)+C37,C37)-B37)*1440,0)/1440) | E37: =IF(D37="","",IF(D37<0,"打日期",IF(D37*1440<=120,"J+2",IF(D37*1440<=240,"J+4",IF(D37*1440<=360,"J+6",IF(D37*1440<=480,"J+8","8以上"))))))
A38: 十大都市:( 11時前交寄之郵件) 台北市(100-110)、基隆市(200~206)、桃園市(330)、中壢市(含平鎮，320、324)、台中市(400-408)、彰化市(500)、嘉義市(600)、台南市(700-709)、高雄市(800-804、806、807)互寄者。
A40: 製表: | C40: 主管:
A41: ="中和郵務股"&'12'!$G$2&'12'!$H$2&"份 區域內互寄 快捷郵遞時效表" -> 中和郵務股115年12月份 區域內互寄 快捷郵遞時效表
A42: 郵件號碼 | B42: 交寄時間 | C42: 交投時間 | D42: 時數 | E42: 時效
D43: =IF(OR(B43="",C43=""),"",ROUND((IF(C43<1,INT(B43)+C43,C43)-B43)*1440,0)/1440) | E43: =IF(D43="","",IF(D43<0,"打日期",IF(D43*1440<=120,"J+2",IF(D43*1440<=240,"J+4",IF(D43*1440<=360,"J+6",IF(D43*1440<=480,"J+8","8以上"))))))
D44: =IF(OR(B44="",C44=""),"",ROUND((IF(C44<1,INT(B44)+C44,C44)-B44)*1440,0)/1440) | E44: =IF(D44="","",IF(D44<0,"打日期",IF(D44*1440<=120,"J+2",IF(D44*1440<=240,"J+4",IF(D44*1440<=360,"J+6",IF(D44*1440<=480,"J+8","8以上"))))))
D45: =IF(OR(B45="",C45=""),"",ROUND((IF(C45<1,INT(B45)+C45,C45)-B45)*1440,0)/1440) | E45: =IF(D45="","",IF(D45<0,"打日期",IF(D45*1440<=120,"J+2",IF(D45*1440<=240,"J+4",IF(D45*1440<=360,"J+6",IF(D45*1440<=480,"J+8","8以上"))))))
D46: =IF(OR(B46="",C46=""),"",ROUND((IF(C46<1,INT(B46)+C46,C46)-B46)*1440,0)/1440) | E46: =IF(D46="","",IF(D46<0,"打日期",IF(D46*1440<=120,"J+2",IF(D46*1440<=240,"J+4",IF(D46*1440<=360,"J+6",IF(D46*1440<=480,"J+8","8以上"))))))
D47: =IF(OR(B47="",C47=""),"",ROUND((IF(C47<1,INT(B47)+C47,C47)-B47)*1440,0)/1440) | E47: =IF(D47="","",IF(D47<0,"打日期",IF(D47*1440<=120,"J+2",IF(D47*1440<=240,"J+4",IF(D47*1440<=360,"J+6",IF(D47*1440<=480,"J+8","8以上"))))))
D48: =IF(OR(B48="",C48=""),"",ROUND((IF(C48<1,INT(B48)+C48,C48)-B48)*1440,0)/1440) | E48: =IF(D48="","",IF(D48<0,"打日期",IF(D48*1440<=120,"J+2",IF(D48*1440<=240,"J+4",IF(D48*1440<=360,"J+6",IF(D48*1440<=480,"J+8","8以上"))))))
D49: =IF(OR(B49="",C49=""),"",ROUND((IF(C49<1,INT(B49)+C49,C49)-B49)*1440,0)/1440) | E49: =IF(D49="","",IF(D49<0,"打日期",IF(D49*1440<=120,"J+2",IF(D49*1440<=240,"J+4",IF(D49*1440<=360,"J+6",IF(D49*1440<=480,"J+8","8以上"))))))
D50: =IF(OR(B50="",C50=""),"",ROUND((IF(C50<1,INT(B50)+C50,C50)-B50)*1440,0)/1440) | E50: =IF(D50="","",IF(D50<0,"打日期",IF(D50*1440<=120,"J+2",IF(D50*1440<=240,"J+4",IF(D50*1440<=360,"J+6",IF(D50*1440<=480,"J+8","8以上"))))))
D51: =IF(OR(B51="",C51=""),"",ROUND((IF(C51<1,INT(B51)+C51,C51)-B51)*1440,0)/1440) | E51: =IF(D51="","",IF(D51<0,"打日期",IF(D51*1440<=120,"J+2",IF(D51*1440<=240,"J+4",IF(D51*1440<=360,"J+6",IF(D51*1440<=480,"J+8","8以上"))))))
D52: =IF(OR(B52="",C52=""),"",ROUND((IF(C52<1,INT(B52)+C52,C52)-B52)*1440,0)/1440) | E52: =IF(D52="","",IF(D52<0,"打日期",IF(D52*1440<=120,"J+2",IF(D52*1440<=240,"J+4",IF(D52*1440<=360,"J+6",IF(D52*1440<=480,"J+8","8以上"))))))
D53: =IF(OR(B53="",C53=""),"",ROUND((IF(C53<1,INT(B53)+C53,C53)-B53)*1440,0)/1440) | E53: =IF(D53="","",IF(D53<0,"打日期",IF(D53*1440<=120,"J+2",IF(D53*1440<=240,"J+4",IF(D53*1440<=360,"J+6",IF(D53*1440<=480,"J+8","8以上"))))))
D54: =IF(OR(B54="",C54=""),"",ROUND((IF(C54<1,INT(B54)+C54,C54)-B54)*1440,0)/1440) | E54: =IF(D54="","",IF(D54<0,"打日期",IF(D54*1440<=120,"J+2",IF(D54*1440<=240,"J+4",IF(D54*1440<=360,"J+6",IF(D54*1440<=480,"J+8","8以上"))))))
... D57: =IF(OR(B57="",C57=""),"",ROUND((IF(C57<1,INT(B57)+C57,C57)-B57)*1440,0)/1440) | E57: =IF(D57="","",IF(D57<0,"打日期",IF(D57*1440<=120,"J+2",IF(D57*1440<=240,"J+4",IF(D57*1440<=360,"J+6",IF(D57*1440<=480,"J+8","8以上"))))))
A58: 區域互寄:( 13時前交寄之郵件) 220、241、360、420
A60: 製表: | C60: 主管:
A61: ="中和郵務股"&'12'!$G$2&'12'!$H$2&"份 轉口 快捷郵遞時效表" -> 中和郵務股115年12月份 轉口 快捷郵遞時效表
A62: 郵件號碼 | B62: 交寄時間 | C62: 交投時間 | D62: 時數 | E62: 時效
D63: =IF(OR(B63="",C63=""),"",ROUND((IF(C63<1,INT(B63)+C63,C63)-B63)*1440,0)/1440) | E63: =IF(D63="","",IF(D63<0,"打日期",IF(D63*1440<=120,"J+2",IF(D63*1440<=240,"J+4",IF(D63*1440<=360,"J+6",IF(D63*1440<=480,"J+8","8以上"))))))
D64: =IF(OR(B64="",C64=""),"",ROUND((IF(C64<1,INT(B64)+C64,C64)-B64)*1440,0)/1440) | E64: =IF(D64="","",IF(D64<0,"打日期",IF(D64*1440<=120,"J+2",IF(D64*1440<=240,"J+4",IF(D64*1440<=360,"J+6",IF(D64*1440<=480,"J+8","8以上"))))))
D65: =IF(OR(B65="",C65=""),"",ROUND((IF(C65<1,INT(B65)+C65,C65)-B65)*1440,0)/1440) | E65: =IF(D65="","",IF(D65<0,"打日期",IF(D65*1440<=120,"J+2",IF(D65*1440<=240,"J+4",IF(D65*1440<=360,"J+6",IF(D65*1440<=480,"J+8","8以上"))))))
D66: =IF(OR(B66="",C66=""),"",ROUND((IF(C66<1,INT(B66)+C66,C66)-B66)*1440,0)/1440) | E66: =IF(D66="","",IF(D66<0,"打日期",IF(D66*1440<=120,"J+2",IF(D66*1440<=240,"J+4",IF(D66*1440<=360,"J+6",IF(D66*1440<=480,"J+8","8以上"))))))
D67: =IF(OR(B67="",C67=""),"",ROUND((IF(C67<1,INT(B67)+C67,C67)-B67)*1440,0)/1440) | E67: =IF(D67="","",IF(D67<0,"打日期",IF(D67*1440<=120,"J+2",IF(D67*1440<=240,"J+4",IF(D67*1440<=360,"J+6",IF(D67*1440<=480,"J+8","8以上"))))))
D68: =IF(OR(B68="",C68=""),"",ROUND((IF(C68<1,INT(B68)+C68,C68)-B68)*1440,0)/1440) | E68: =IF(D68="","",IF(D68<0,"打日期",IF(D68*1440<=120,"J+2",IF(D68*1440<=240,"J+4",IF(D68*1440<=360,"J+6",IF(D68*1440<=480,"J+8","8以上"))))))
D69: =IF(OR(B69="",C69=""),"",ROUND((IF(C69<1,INT(B69)+C69,C69)-B69)*1440,0)/1440) | E69: =IF(D69="","",IF(D69<0,"打日期",IF(D69*1440<=120,"J+2",IF(D69*1440<=240,"J+4",IF(D69*1440<=360,"J+6",IF(D69*1440<=480,"J+8","8以上"))))))
D70: =IF(OR(B70="",C70=""),"",ROUND((IF(C70<1,INT(B70)+C70,C70)-B70)*1440,0)/1440) | E70: =IF(D70="","",IF(D70<0,"打日期",IF(D70*1440<=120,"J+2",IF(D70*1440<=240,"J+4",IF(D70*1440<=360,"J+6",IF(D70*1440<=480,"J+8","8以上"))))))
D71: =IF(OR(B71="",C71=""),"",ROUND((IF(C71<1,INT(B71)+C71,C71)-B71)*1440,0)/1440) | E71: =IF(D71="","",IF(D71<0,"打日期",IF(D71*1440<=120,"J+2",IF(D71*1440<=240,"J+4",IF(D71*1440<=360,"J+6",IF(D71*1440<=480,"J+8","8以上"))))))
D72: =IF(OR(B72="",C72=""),"",ROUND((IF(C72<1,INT(B72)+C72,C72)-B72)*1440,0)/1440) | E72: =IF(D72="","",IF(D72<0,"打日期",IF(D72*1440<=120,"J+2",IF(D72*1440<=240,"J+4",IF(D72*1440<=360,"J+6",IF(D72*1440<=480,"J+8","8以上"))))))
D73: =IF(OR(B73="",C73=""),"",ROUND((IF(C73<1,INT(B73)+C73,C73)-B73)*1440,0)/1440) | E73: =IF(D73="","",IF(D73<0,"打日期",IF(D73*1440<=120,"J+2",IF(D73*1440<=240,"J+4",IF(D73*1440<=360,"J+6",IF(D73*1440<=480,"J+8","8以上"))))))
D74: =IF(OR(B74="",C74=""),"",ROUND((IF(C74<1,INT(B74)+C74,C74)-B74)*1440,0)/1440) | E74: =IF(D74="","",IF(D74<0,"打日期",IF(D74*1440<=120,"J+2",IF(D74*1440<=240,"J+4",IF(D74*1440<=360,"J+6",IF(D74*1440<=480,"J+8","8以上"))))))
... D77: =IF(OR(B77="",C77=""),"",ROUND((IF(C77<1,INT(B77)+C77,C77)-B77)*1440,0)/1440) | E77: =IF(D77="","",IF(D77<0,"打日期",IF(D77*1440<=120,"J+2",IF(D77*1440<=240,"J+4",IF(D77*1440<=360,"J+6",IF(D77*1440<=480,"J+8","8以上"))))))
A78: 十大都市:( 11時前交寄之郵件) 台北市(100-110)、板橋市(220)、桃園市(330)、中壢市(含平鎮，320、324)、新竹市(300)、台中市(400-408)、彰化市(500)、嘉義市(600)、台南市(700-709)、高雄市(800-804、806、807)互寄者。
A80: 製表: | C80: 主管:
